orispl,gen_id,prime_mover,technology,nameplate_mw,summer_mw,winter_mw,operating_year,retirement_year,ercot_footprint,source_file,source_url,retrieved_at
3439,4,GT,Natural Gas Fired Combustion Turbine,131.800,90.100,97.400,2008,,True,august_generator2026.xlsx,https://www.eia.gov/electricity/data/eia860m/xls/august_generator2026.xlsx,2026-10-08T17:54:58+00:00
3439,5,GT,Natural Gas Fired Combustion Turbine,131.800,87.300,94.400,2008,,True,august_generator2026.xlsx,https://www.eia.gov/electricity/data/eia860m/xls/august_generator2026.xlsx,2026-10-08T17:54:58+00:00
3441,7,CA,Natural Gas Fired Combined Cycle,351.000,319.000,325.000,1972,,True,august_generator2026.xlsx,https://www.eia.gov/electricity/data/eia860m/xls/august_generator2026.xlsx,2026-10-08T17:54:58+00:00
3441,8,CT,Natural Gas Fired Combined Cycle,189.600,157.000,165.000,2010,,True,august_generator2026.xlsx,https://www.eia.gov/electricity/data/eia860m/xls/august_generator2026.xlsx,2026-10-08T17:54:58+00:00
3441,9,CT,Natural Gas Fired Combined Cycle,189.600,157.000,165.000,2010,,True,august_generator2026.xlsx,https://www.eia.gov/electricity/data/eia860m/xls/august_generator2026.xlsx,2026-10-08T17:54:58+00:00
3443,5,CA,Natural Gas Fired Combined Cycle,180.000,128.000,128.000,1963,,True,august_generator2026.xlsx,https://www.eia.gov/electricity/data/eia860m/xls/august_generator2026.xlsx,2026-10-08T17:54:58+00:00
3443,7,CT,Natural Gas Fired Combined Cycle,196.900,160.000,160.000,2009,,True,august_generator2026.xlsx,https://www.eia.gov/electricity/data/eia860m/xls/august_generator2026.xlsx,2026-10-08T17:54:58+00:00
3452,1,ST,Natural Gas Steam Turbine,396.500,392.000,392.000,1970,,True,august_generator2026.xlsx,https://www.eia.gov/electricity/data/eia860m/xls/august_generator2026.xlsx,2026-10-08T17:54:58+00:00
3452,2,ST,Natural Gas Steam Turbine,531.000,523.000,523.000,1973,,True,august_generator2026.xlsx,https://www.eia.gov/electricity/data/eia860m/xls/august_generator2026.xlsx,2026-10-08T17:54:58+00:00
3453,6,ST,Natural Gas Steam Turbine,135.700,122.000,122.000,1956,,True,august_generator2026.xlsx,https://www.eia.gov/electricity/data/eia860m/xls/august_generator2026.xlsx,2026-10-08T17:54:58+00:00
3453,7,ST,Natural Gas Steam Turbine,136.000,118.000,118.000,1958,,True,august_generator2026.xlsx,https://www.eia.gov/electricity/data/eia860m/xls/august_generator2026.xlsx,2026-10-08T17:54:58+00:00
3453,8,ST,Natural Gas Steam Turbine,580.500,568.000,568.000,1967,,True,august_generator2026.xlsx,https://www.eia.gov/electricity/data/eia860m/xls/august_generator2026.xlsx,2026-10-08T17:54:58+00:00
3460,1,ST,Natural Gas Steam Turbine,765.000,746.000,746.000,1970,,True,august_generator2026.xlsx,https://www.eia.gov/electricity/data/eia860m/xls/august_generator2026.xlsx,2026-10-08T17:54:58+00:00
3460,2,ST,Natural Gas Steam Turbine,765.000,749.000,749.000,1972,,True,august_generator2026.xlsx,https://www.eia.gov/electricity/data/eia860m/xls/august_generator2026.xlsx,2026-10-08T17:54:58+00:00
3464,73,GT,Natural Gas Fired Combustion Turbine,72.000,57.000,67.000,1976,,True,august_generator2026.xlsx,https://www.eia.gov/electricity/data/eia860m/xls/august_generator2026.xlsx,2026-10-08T17:54:58+00:00
3464,74,GT,Natural Gas Fired Combustion Turbine,72.000,53.000,68.000,1976,,True,august_generator2026.xlsx,https://www.eia.gov/electricity/data/eia860m/xls/august_generator2026.xlsx,2026-10-08T17:54:58+00:00
3464,81,GT,Natural Gas Fired Combustion Turbine,72.000,53.000,69.000,1976,,True,august_generator2026.xlsx,https://www.eia.gov/electricity/data/eia860m/xls/august_generator2026.xlsx,2026-10-08T17:54:58+00:00
3464,82,GT,Natural Gas Fired Combustion Turbine,72.000,47.000,53.000,1976,,True,august_generator2026.xlsx,https://www.eia.gov/electricity/data/eia860m/xls/august_generator2026.xlsx,2026-10-08T17:54:58+00:00
3464,83,GT,Natural Gas Fired Combustion Turbine,72.000,61.000,72.000,1976,,True,august_generator2026.xlsx,https://www.eia.gov/electricity/data/eia860m/xls/august_generator2026.xlsx,2026-10-08T17:54:58+00:00
3464,84,GT,Natural Gas Fired Combustion Turbine,72.000,56.000,67.000,1976,,True,august_generator2026.xlsx,https://www.eia.gov/electricity/data/eia860m/xls/august_generator2026.xlsx,2026-10-08T17:54:58+00:00
3469,3,CA,Natural Gas Fired Combined Cycle,113.100,110.000,110.000,1974,,True,august_generator2026.xlsx,https://www.eia.gov/electricity/data/eia860m/xls/august_generator2026.xlsx,2026-10-08T17:54:58+00:00
3469,31,CT,Natural Gas Fired Combined Cycle,54.000,54.000,69.000,1972,,True,august_generator2026.xlsx,https://www.eia.gov/electricity/data/eia860m/xls/august_generator2026.xlsx,2026-10-08T17:54:58+00:00
3469,32,CT,Natural Gas Fired Combined Cycle,54.000,54.000,69.000,1972,,True,august_generator2026.xlsx,https://www.eia.gov/electricity/data/eia860m/xls/august_generator2026.xlsx,2026-10-08T17:54:58+00:00
3469,33,CT,Natural Gas Fired Combined Cycle,54.000,54.000,69.000,1972,,True,august_generator2026.xlsx,https://www.eia.gov/electricity/data/eia860m/xls/august_generator2026.xlsx,2026-10-08T17:54:58+00:00
3469,34,CT,Natural Gas Fired Combined Cycle,54.000,54.000,69.000,1972,,True,august_generator2026.xlsx,https://www.eia.gov/electricity/data/eia860m/xls/august_generator2026.xlsx,2026-10-08T17:54:58+00:00
3469,4,CA,Natural Gas Fired Combined Cycle,113.100,110.000,110.000,1974,,True,august_generator2026.xlsx,https://www.eia.gov/electricity/data/eia860m/xls/august_generator2026.xlsx,2026-10-08T17:54:58+00:00
3469,41,CT,Natural Gas Fired Combined Cycle,54.000,54.000,69.000,1972,,True,august_generator2026.xlsx,https://www.eia.gov/electricity/data/eia860m/xls/august_generator2026.xlsx,2026-10-08T17:54:58+00:00
3469,42,CT,Natural Gas Fired Combined Cycle,54.000,54.000,69.000,1972,,True,august_generator2026.xlsx,https://www.eia.gov/electricity/data/eia860m/xls/august_generator2026.xlsx,2026-10-08T17:54:58+00:00
3469,43,CT,Natural Gas Fired Combined Cycle,56.700,54.000,69.000,1974,,True,august_generator2026.xlsx,https://www.eia.gov/electricity/data/eia860m/xls/august_generator2026.xlsx,2026-10-08T17:54:58+00:00
3469,44,CT,Natural Gas Fired Combined Cycle,56.700,54.000,69.000,1974,,True,august_generator2026.xlsx,https://www.eia.gov/electricity/data/eia860m/xls/august_generator2026.xlsx,2026-10-08T17:54:58+00:00
3469,51,GT,Natural Gas Fired Combustion Turbine,85.000,56.000,65.000,1975,,True,august_generator2026.xlsx,https://www.eia.gov/electricity/data/eia860m/xls/august_generator2026.xlsx,2026-10-08T17:54:58+00:00
3469,52,GT,Natural Gas Fired Combustion Turbine,85.000,56.000,65.000,1975,,True,august_generator2026.xlsx,https://www.eia.gov/electricity/data/eia860m/xls/august_generator2026.xlsx,2026-10-08T17:54:58+00:00
3469,53,GT,Natural Gas Fired Combustion Turbine,85.000,56.000,65.000,1975,,True,august_generator2026.xlsx,https://www.eia.gov/electricity/data/eia860m/xls/august_generator2026.xlsx,2026-10-08T17:54:58+00:00
3469,54,GT,Natural Gas Fired Combustion Turbine,85.000,56.000,65.000,1975,,True,august_generator2026.xlsx,https://www.eia.gov/electricity/data/eia860m/xls/august_generator2026.xlsx,2026-10-08T17:54:58+00:00
3469,55,GT,Natural Gas Fired Combustion Turbine,85.000,56.000,65.000,1975,,True,august_generator2026.xlsx,https://www.eia.gov/electricity/data/eia860m/xls/august_generator2026.xlsx,2026-10-08T17:54:58+00:00
3469,56,GT,Natural Gas Fired Combustion Turbine,85.000,56.000,65.000,1975,,True,august_generator2026.xlsx,https://www.eia.gov/electricity/data/eia860m/xls/august_generator2026.xlsx,2026-10-08T17:54:58+00:00
3469,GT1,GT,Natural Gas Fired Combustion Turbine,16.300,14.000,16.000,1967,,True,august_generator2026.xlsx,https://www.eia.gov/electricity/data/eia860m/xls/august_generator2026.xlsx,2026-10-08T17:54:58+00:00
3470,1,ST,Natural Gas Steam Turbine,187.800,169.000,169.000,1958,,True,august_generator2026.xlsx,https://www.eia.gov/electricity/data/eia860m/xls/august_generator2026.xlsx,2026-10-08T17:54:58+00:00
3470,2,ST,Natural Gas Steam Turbine,187.800,169.000,169.000,1958,,True,august_generator2026.xlsx,https://www.eia.gov/electricity/data/eia860m/xls/august_generator2026.xlsx,2026-10-08T17:54:58+00:00
3470,3,ST,Natural Gas Steam Turbine,299.200,240.000,258.000,1961,,True,august_generator2026.xlsx,https://www.eia.gov/electricity/data/eia860m/xls/august_generator2026.xlsx,2026-10-08T17:54:58+00:00
3470,4,ST,Natural Gas Steam Turbine,580.500,527.000,552.000,1968,,True,august_generator2026.xlsx,https://www.eia.gov/electricity/data/eia860m/xls/august_generator2026.xlsx,2026-10-08T17:54:58+00:00
3470,GT1,GT,Natural Gas Fired Combustion Turbine,16.300,13.000,13.000,1967,,True,august_generator2026.xlsx,https://www.eia.gov/electricity/data/eia860m/xls/august_generator2026.xlsx,2026-10-08T17:54:58+00:00
3490,1,ST,Natural Gas Steam Turbine,247.700,239.000,239.000,1960,,True,august_generator2026.xlsx,https://www.eia.gov/electricity/data/eia860m/xls/august_generator2026.xlsx,2026-10-08T17:54:58+00:00
3490,2,ST,Natural Gas Steam Turbine,387.000,395.000,395.000,1969,,True,august_generator2026.xlsx,https://www.eia.gov/electricity/data/eia860m/xls/august_generator2026.xlsx,2026-10-08T17:54:58+00:00
3491,3,ST,Natural Gas Steam Turbine,404.800,375.000,375.000,1963,,True,august_generator2026.xlsx,https://www.eia.gov/electricity/data/eia860m/xls/august_generator2026.xlsx,2026-10-08T17:54:58+00:00
3491,4,ST,Natural Gas Steam Turbine,455.000,435.000,435.000,1976,,True,august_generator2026.xlsx,https://www.eia.gov/electricity/data/eia860m/xls/august_generator2026.xlsx,2026-10-08T17:54:58+00:00
3491,5,ST,Natural Gas Steam Turbine,455.000,435.000,435.000,1977,,True,august_generator2026.xlsx,https://www.eia.gov/electricity/data/eia860m/xls/august_generator2026.xlsx,2026-10-08T17:54:58+00:00
3494,CT1,GT,Natural Gas Fired Combustion Turbine,89.400,63.000,79.000,1988,,True,august_generator2026.xlsx,https://www.eia.gov/electricity/data/eia860m/xls/august_generator2026.xlsx,2026-10-08T17:54:58+00:00
3494,CT2,GT,Natural Gas Fired Combustion Turbine,89.400,64.000,76.000,1988,,True,august_generator2026.xlsx,https://www.eia.gov/electricity/data/eia860m/xls/august_generator2026.xlsx,2026-10-08T17:54:58+00:00
3494,CT3,GT,Natural Gas Fired Combustion Turbine,89.400,64.000,78.000,1988,,True,august_generator2026.xlsx,https://www.eia.gov/electricity/data/eia860m/xls/august_generator2026.xlsx,2026-10-08T17:54:58+00:00
3494,CT4,GT,Natural Gas Fired Combustion Turbine,89.400,64.000,75.000,1990,,True,august_generator2026.xlsx,https://www.eia.gov/electricity/data/eia860m/xls/august_generator2026.xlsx,2026-10-08T17:54:58+00:00
3494,CT5,GT,Natural Gas Fired Combustion Turbine,89.400,65.000,79.000,1990,,True,august_generator2026.xlsx,https://www.eia.gov/electricity/data/eia860m/xls/august_generator2026.xlsx,2026-10-08T17:54:58+00:00
3504,ST1,ST,Natural Gas Steam Turbine,176.800,170.000,170.000,1958,,True,august_generator2026.xlsx,https://www.eia.gov/electricity/data/eia860m/xls/august_generator2026.xlsx,2026-10-08T17:54:58+00:00
3504,ST2,ST,Natural Gas Steam Turbine,526.600,502.000,502.000,1965,,True,august_generator2026.xlsx,https://www.eia.gov/electricity/data/eia860m/xls/august_generator2026.xlsx,2026-10-08T17:54:58+00:00
3507,6,ST,Natural Gas Steam Turbine,239.300,236.000,236.000,1965,,True,august_generator2026.xlsx,https://www.eia.gov/electricity/data/eia860m/xls/august_generator2026.xlsx,2026-10-08T17:54:58+00:00
3548,GT1,GT,Natural Gas Fired Combustion Turbine,51.500,52.000,60.000,1988,,True,august_generator2026.xlsx,https://www.eia.gov/electricity/data/eia860m/xls/august_generator2026.xlsx,2026-10-08T17:54:58+00:00
3548,GT2,GT,Natural Gas Fired Combustion Turbine,51.500,52.000,60.000,1988,,True,august_generator2026.xlsx,https://www.eia.gov/electricity/data/eia860m/xls/august_generator2026.xlsx,2026-10-08T17:54:58+00:00
3548,GT3,GT,Natural Gas Fired Combustion Turbine,51.500,52.000,60.000,1988,,True,august_generator2026.xlsx,https://www.eia.gov/electricity/data/eia860m/xls/august_generator2026.xlsx,2026-10-08T17:54:58+00:00
3548,GT4,GT,Natural Gas Fired Combustion Turbine,51.500,52.000,60.000,1988,,True,august_generator2026.xlsx,https://www.eia.gov/electricity/data/eia860m/xls/august_generator2026.xlsx,2026-10-08T17:54:58+00:00
3559,10,GT,Natural Gas Fired Combustion Turbine,61.000,45.000,48.000,2004,,True,august_generator2026.xlsx,https://www.eia.gov/electricity/data/eia860m/xls/august_generator2026.xlsx,2026-10-08T17:54:58+00:00
3559,6,CA,Natural Gas Fired Combined Cycle,25.000,20.000,20.000,1959,,True,august_generator2026.xlsx,https://www.eia.gov/electricity/data/eia860m/xls/august_generator2026.xlsx,2026-10-08T17:54:58+00:00
3559,9,CT,Natural Gas Fired Combined Cycle,50.000,42.000,52.000,1996,,True,august_generator2026.xlsx,https://www.eia.gov/electricity/data/eia860m/xls/august_generator2026.xlsx,2026-10-08T17:54:58+00:00
3561,7,GT,Natural Gas Fired Combustion Turbine,22.000,21.000,21.000,1975,,True,august_generator2026.xlsx,https://www.eia.gov/electricity/data/eia860m/xls/august_generator2026.xlsx,2026-10-08T17:54:58+00:00
3576,1,ST,Natural Gas Steam Turbine,75.000,75.000,75.000,1967,,True,august_generator2026.xlsx,https://www.eia.gov/electricity/data/eia860m/xls/august_generator2026.xlsx,2026-10-08T17:54:58+00:00
3576,2,ST,Natural Gas Steam Turbine,113.400,107.000,107.000,1971,,True,august_generator2026.xlsx,https://www.eia.gov/electricity/data/eia860m/xls/august_generator2026.xlsx,2026-10-08T17:54:58+00:00
3576,3,ST,Natural Gas Steam Turbine,156.600,138.000,138.000,1976,,True,august_generator2026.xlsx,https://www.eia.gov/electricity/data/eia860m/xls/august_generator2026.xlsx,2026-10-08T17:54:58+00:00
3576,4,GT,Natural Gas Fired Combustion Turbine,82.700,75.000,81.000,2001,,True,august_generator2026.xlsx,https://www.eia.gov/electricity/data/eia860m/xls/august_generator2026.xlsx,2026-10-08T17:54:58+00:00
3601,1,ST,Natural Gas Steam Turbine,136.000,136.000,140.000,1965,,True,august_generator2026.xlsx,https://www.eia.gov/electricity/data/eia860m/xls/august_generator2026.xlsx,2026-10-08T17:54:58+00:00
3601,2,ST,Natural Gas Steam Turbine,136.000,136.000,140.000,1968,,True,august_generator2026.xlsx,https://www.eia.gov/electricity/data/eia860m/xls/august_generator2026.xlsx,2026-10-08T17:54:58+00:00
3601,3,ST,Natural Gas Steam Turbine,351.000,335.000,340.000,1972,,True,august_generator2026.xlsx,https://www.eia.gov/electricity/data/eia860m/xls/august_generator2026.xlsx,2026-10-08T17:54:58+00:00
3609,CGT1,GT,Natural Gas Fired Combustion Turbine,57.400,46.000,46.000,2004,,True,august_generator2026.xlsx,https://www.eia.gov/electricity/data/eia860m/xls/august_generator2026.xlsx,2026-10-08T17:54:58+00:00
3609,CGT2,GT,Natural Gas Fired Combustion Turbine,57.400,46.000,46.000,2004,,True,august_generator2026.xlsx,https://www.eia.gov/electricity/data/eia860m/xls/august_generator2026.xlsx,2026-10-08T17:54:58+00:00
3609,CGT3,GT,Natural Gas Fired Combustion Turbine,57.400,46.000,46.000,2004,,True,august_generator2026.xlsx,https://www.eia.gov/electricity/data/eia860m/xls/august_generator2026.xlsx,2026-10-08T17:54:58+00:00
3609,CGT4,GT,Natural Gas Fired Combustion Turbine,57.400,46.000,46.000,2004,,True,august_generator2026.xlsx,https://www.eia.gov/electricity/data/eia860m/xls/august_generator2026.xlsx,2026-10-08T17:54:58+00:00
3611,1,ST,Natural Gas Steam Turbine,446.000,420.000,420.000,1972,2027,True,august_generator2026.xlsx,https://www.eia.gov/electricity/data/eia860m/xls/august_generator2026.xlsx,2026-10-08T17:54:58+00:00
3611,2,ST,Natural Gas Steam Turbine,446.000,410.000,410.000,1974,2029,True,august_generator2026.xlsx,https://www.eia.gov/electricity/data/eia860m/xls/august_generator2026.xlsx,2026-10-08T17:54:58+00:00
3612,1,ST,Natural Gas Steam Turbine,225.000,217.000,217.000,1966,,True,august_generator2026.xlsx,https://www.eia.gov/electricity/data/eia860m/xls/august_generator2026.xlsx,2026-10-08T17:54:58+00:00
3612,2,ST,Natural Gas Steam Turbine,252.000,230.000,230.000,1968,,True,august_generator2026.xlsx,https://www.eia.gov/electricity/data/eia860m/xls/august_generator2026.xlsx,2026-10-08T17:54:58+00:00
3612,3,ST,Natural Gas Steam Turbine,417.000,412.000,412.000,1970,,True,august_generator2026.xlsx,https://www.eia.gov/electricity/data/eia860m/xls/august_generator2026.xlsx,2026-10-08T17:54:58+00:00
3612,5,GT,Natural Gas Fired Combustion Turbine,61.000,48.000,48.000,2010,,True,august_generator2026.xlsx,https://www.eia.gov/electricity/data/eia860m/xls/august_generator2026.xlsx,2026-10-08T17:54:58+00:00
3612,6,GT,Natural Gas Fired Combustion Turbine,61.000,48.000,48.000,2010,,True,august_generator2026.xlsx,https://www.eia.gov/electricity/data/eia860m/xls/august_generator2026.xlsx,2026-10-08T17:54:58+00:00
3612,7,GT,Natural Gas Fired Combustion Turbine,61.000,48.000,48.000,2010,,True,august_generator2026.xlsx,https://www.eia.gov/electricity/data/eia860m/xls/august_generator2026.xlsx,2026-10-08T17:54:58+00:00
3612,8,GT,Natural Gas Fired Combustion Turbine,61.000,47.000,47.000,2010,,True,august_generator2026.xlsx,https://www.eia.gov/electricity/data/eia860m/xls/august_generator2026.xlsx,2026-10-08T17:54:58+00:00
3628,1,ST,Natural Gas Steam Turbine,66.000,66.000,66.000,1968,,True,august_generator2026.xlsx,https://www.eia.gov/electricity/data/eia860m/xls/august_generator2026.xlsx,2026-10-08T17:54:58+00:00
3628,2,ST,Natural Gas Steam Turbine,100.000,118.000,118.000,1972,,True,august_generator2026.xlsx,https://www.eia.gov/electricity/data/eia860m/xls/august_generator2026.xlsx,2026-10-08T17:54:58+00:00
3628,3,ST,Natural Gas Steam Turbine,200.000,195.000,195.000,1975,,True,august_generator2026.xlsx,https://www.eia.gov/electricity/data/eia860m/xls/august_generator2026.xlsx,2026-10-08T17:54:58+00:00
3628,4,GT,Natural Gas Fired Combustion Turbine,118.800,104.000,118.000,1994,,True,august_generator2026.xlsx,https://www.eia.gov/electricity/data/eia860m/xls/august_generator2026.xlsx,2026-10-08T17:54:58+00:00
3628,5,GT,Natural Gas Fired Combustion Turbine,118.800,104.000,118.000,1994,,True,august_generator2026.xlsx,https://www.eia.gov/electricity/data/eia860m/xls/august_generator2026.xlsx,2026-10-08T17:54:58+00:00
3630,10A,IC,Natural Gas Internal Combustion Engine,8.400,8.400,8.400,2010,,True,august_generator2026.xlsx,https://www.eia.gov/electricity/data/eia860m/xls/august_generator2026.xlsx,2026-10-08T17:54:58+00:00
3630,11A,IC,Natural Gas Internal Combustion Engine,8.400,8.400,8.400,2010,,True,august_generator2026.xlsx,https://www.eia.gov/electricity/data/eia860m/xls/august_generator2026.xlsx,2026-10-08T17:54:58+00:00
3630,12A,IC,Natural Gas Internal Combustion Engine,8.400,8.400,8.400,2010,,True,august_generator2026.xlsx,https://www.eia.gov/electricity/data/eia860m/xls/august_generator2026.xlsx,2026-10-08T17:54:58+00:00
3630,13A,IC,Natural Gas Internal Combustion Engine,8.400,8.400,8.400,2010,,True,august_generator2026.xlsx,https://www.eia.gov/electricity/data/eia860m/xls/august_generator2026.xlsx,2026-10-08T17:54:58+00:00
3630,14A,IC,Natural Gas Internal Combustion Engine,8.400,8.400,8.400,2010,,True,august_generator2026.xlsx,https://www.eia.gov/electricity/data/eia860m/xls/august_generator2026.xlsx,2026-10-08T17:54:58+00:00
3630,15A,IC,Natural Gas Internal Combustion Engine,8.400,8.400,8.400,2010,,True,august_generator2026.xlsx,https://www.eia.gov/electricity/data/eia860m/xls/august_generator2026.xlsx,2026-10-08T17:54:58+00:00
3630,16A,IC,Natural Gas Internal Combustion Engine,8.400,8.400,8.400,2010,,True,august_generator2026.xlsx,https://www.eia.gov/electricity/data/eia860m/xls/august_generator2026.xlsx,2026-10-08T17:54:58+00:00
3630,17A,IC,Natural Gas Internal Combustion Engine,8.400,8.400,8.400,2010,,True,august_generator2026.xlsx,https://www.eia.gov/electricity/data/eia860m/xls/august_generator2026.xlsx,2026-10-08T17:54:58+00:00
3630,18A,IC,Natural Gas Internal Combustion Engine,8.400,8.400,8.400,2010,,True,august_generator2026.xlsx,https://www.eia.gov/electricity/data/eia860m/xls/august_generator2026.xlsx,2026-10-08T17:54:58+00:00
3630,19A,IC,Natural Gas Internal Combustion Engine,8.400,8.400,8.400,2010,,True,august_generator2026.xlsx,https://www.eia.gov/electricity/data/eia860m/xls/august_generator2026.xlsx,2026-10-08T17:54:58+00:00
3630,1A,IC,Natural Gas Internal Combustion Engine,8.400,8.400,8.400,2010,,True,august_generator2026.xlsx,https://www.eia.gov/electricity/data/eia860m/xls/august_generator2026.xlsx,2026-10-08T17:54:58+00:00
3630,20A,IC,Natural Gas Internal Combustion Engine,8.400,8.400,8.400,2010,,True,august_generator2026.xlsx,https://www.eia.gov/electricity/data/eia860m/xls/august_generator2026.xlsx,2026-10-08T17:54:58+00:00
3630,21A,IC,Natural Gas Internal Combustion Engine,8.400,8.400,8.400,2010,,True,august_generator2026.xlsx,https://www.eia.gov/electricity/data/eia860m/xls/august_generator2026.xlsx,2026-10-08T17:54:58+00:00
3630,22A,IC,Natural Gas Internal Combustion Engine,8.400,8.400,8.400,2010,,True,august_generator2026.xlsx,https://www.eia.gov/electricity/data/eia860m/xls/august_generator2026.xlsx,2026-10-08T17:54:58+00:00
3630,23A,IC,Natural Gas Internal Combustion Engine,8.400,8.400,8.400,2010,,True,august_generator2026.xlsx,https://www.eia.gov/electricity/data/eia860m/xls/august_generator2026.xlsx,2026-10-08T17:54:58+00:00
3630,24A,IC,Natural Gas Internal Combustion Engine,8.400,8.400,8.400,2010,,True,august_generator2026.xlsx,https://www.eia.gov/electricity/data/eia860m/xls/august_generator2026.xlsx,2026-10-08T17:54:58+00:00
3630,2A,IC,Natural Gas Internal Combustion Engine,8.400,8.400,8.400,2010,,True,august_generator2026.xlsx,https://www.eia.gov/electricity/data/eia860m/xls/august_generator2026.xlsx,2026-10-08T17:54:58+00:00
3630,3A,IC,Natural Gas Internal Combustion Engine,8.400,8.400,8.400,2010,,True,august_generator2026.xlsx,https://www.eia.gov/electricity/data/eia860m/xls/august_generator2026.xlsx,2026-10-08T17:54:58+00:00
3630,4A,IC,Natural Gas Internal Combustion Engine,8.400,8.400,8.400,2010,,True,august_generator2026.xlsx,https://www.eia.gov/electricity/data/eia860m/xls/august_generator2026.xlsx,2026-10-08T17:54:58+00:00
3630,5A,IC,Natural Gas Internal Combustion Engine,8.400,8.400,8.400,2010,,True,august_generator2026.xlsx,https://www.eia.gov/electricity/data/eia860m/xls/august_generator2026.xlsx,2026-10-08T17:54:58+00:00
3630,6A,IC,Natural Gas Internal Combustion Engine,8.400,8.400,8.400,2010,,True,august_generator2026.xlsx,https://www.eia.gov/electricity/data/eia860m/xls/august_generator2026.xlsx,2026-10-08T17:54:58+00:00
3630,7A,IC,Natural Gas Internal Combustion Engine,8.400,8.400,8.400,2010,,True,august_generator2026.xlsx,https://www.eia.gov/electricity/data/eia860m/xls/august_generator2026.xlsx,2026-10-08T17:54:58+00:00
3630,8A,IC,Natural Gas Internal Combustion Engine,8.400,8.400,8.400,2010,,True,august_generator2026.xlsx,https://www.eia.gov/electricity/data/eia860m/xls/august_generator2026.xlsx,2026-10-08T17:54:58+00:00
3630,9A,IC,Natural Gas Internal Combustion Engine,8.400,8.400,8.400,2010,,True,august_generator2026.xlsx,https://www.eia.gov/electricity/data/eia860m/xls/august_generator2026.xlsx,2026-10-08T17:54:58+00:00
3631,10,CA,Natural Gas Fired Combined Cycle,42.000,37.000,37.000,2003,,True,august_generator2026.xlsx,https://www.eia.gov/electricity/data/eia860m/xls/august_generator2026.xlsx,2026-10-08T17:54:58+00:00
3631,7,CT,Natural Gas Fired Combined Cycle,49.200,49.000,49.000,2003,,True,august_generator2026.xlsx,https://www.eia.gov/electricity/data/eia860m/xls/august_generator2026.xlsx,2026-10-08T17:54:58+00:00
3631,8,CT,Natural Gas Fired Combined Cycle,49.200,49.000,49.000,2003,,True,august_generator2026.xlsx,https://www.eia.gov/electricity/data/eia860m/xls/august_generator2026.xlsx,2026-10-08T17:54:58+00:00
3631,9,CT,Natural Gas Fired Combined Cycle,49.200,48.000,48.000,2003,,True,august_generator2026.xlsx,https://www.eia.gov/electricity/data/eia860m/xls/august_generator2026.xlsx,2026-10-08T17:54:58+00:00
4195,EP,IC,Natural Gas Internal Combustion Engine,8.400,8.200,8.200,2010,,True,august_generator2026.xlsx,https://www.eia.gov/electricity/data/eia860m/xls/august_generator2026.xlsx,2026-10-08T17:54:58+00:00
4195,EP2,IC,Natural Gas Internal Combustion Engine,8.400,8.200,8.200,2010,,True,august_generator2026.xlsx,https://www.eia.gov/electricity/data/eia860m/xls/august_generator2026.xlsx,2026-10-08T17:54:58+00:00
4195,EP3,IC,Natural Gas Internal Combustion Engine,8.400,8.200,8.200,2010,,True,august_generator2026.xlsx,https://www.eia.gov/electricity/data/eia860m/xls/august_generator2026.xlsx,2026-10-08T17:54:58+00:00
4195,ST1,ST,Natural Gas Steam Turbine,18.800,18.000,18.000,1966,,True,august_generator2026.xlsx,https://www.eia.gov/electricity/data/eia860m/xls/august_generator2026.xlsx,2026-10-08T17:54:58+00:00
4266,4,ST,Natural Gas Steam Turbine,61.100,61.000,61.000,1966,,True,august_generator2026.xlsx,https://www.eia.gov/electricity/data/eia860m/xls/august_generator2026.xlsx,2026-10-08T17:54:58+00:00
4266,5,ST,Natural Gas Steam Turbine,65.400,61.000,61.000,1973,,True,august_generator2026.xlsx,https://www.eia.gov/electricity/data/eia860m/xls/august_generator2026.xlsx,2026-10-08T17:54:58+00:00
4937,CT-1,CT,Natural Gas Fired Combined Cycle,185.300,168.000,181.000,2014,,True,august_generator2026.xlsx,https://www.eia.gov/electricity/data/eia860m/xls/august_generator2026.xlsx,2026-10-08T17:54:58+00:00
4937,CT-2,CT,Natural Gas Fired Combined Cycle,185.300,168.000,181.000,2014,,True,august_generator2026.xlsx,https://www.eia.gov/electricity/data/eia860m/xls/august_generator2026.xlsx,2026-10-08T17:54:58+00:00
4937,STG,CA,Natural Gas Fired Combined Cycle,204.000,180.000,194.000,2014,,True,august_generator2026.xlsx,https://www.eia.gov/electricity/data/eia860m/xls/august_generator2026.xlsx,2026-10-08T17:54:58+00:00
4939,1,ST,Natural Gas Steam Turbine,352.000,292.000,292.000,1974,,True,august_generator2026.xlsx,https://www.eia.gov/electricity/data/eia860m/xls/august_generator2026.xlsx,2026-10-08T17:54:58+00:00
4939,2,CA,Natural Gas Fired Combined Cycle,351.000,319.000,325.000,1976,,True,august_generator2026.xlsx,https://www.eia.gov/electricity/data/eia860m/xls/august_generator2026.xlsx,2026-10-08T17:54:58+00:00
4939,3,CT,Natural Gas Fired Combined Cycle,189.600,157.000,165.000,2010,,True,august_generator2026.xlsx,https://www.eia.gov/electricity/data/eia860m/xls/august_generator2026.xlsx,2026-10-08T17:54:58+00:00
4939,4,CT,Natural Gas Fired Combined Cycle,189.600,157.000,165.000,2010,,True,august_generator2026.xlsx,https://www.eia.gov/electricity/data/eia860m/xls/august_generator2026.xlsx,2026-10-08T17:54:58+00:00
6243,1,ST,Natural Gas Steam Turbine,105.000,110.000,110.000,1978,,True,august_generator2026.xlsx,https://www.eia.gov/electricity/data/eia860m/xls/august_generator2026.xlsx,2026-10-08T17:54:58+00:00
6243,2,GT,Natural Gas Fired Combustion Turbine,49.100,47.100,48.100,2004,,True,august_generator2026.xlsx,https://www.eia.gov/electricity/data/eia860m/xls/august_generator2026.xlsx,2026-10-08T17:54:58+00:00
6243,3,GT,Natural Gas Fired Combustion Turbine,49.100,47.100,48.100,2010,,True,august_generator2026.xlsx,https://www.eia.gov/electricity/data/eia860m/xls/august_generator2026.xlsx,2026-10-08T17:54:58+00:00
7325,1,GT,Natural Gas Fired Combustion Turbine,88.200,80.000,87.000,1995,,True,august_generator2026.xlsx,https://www.eia.gov/electricity/data/eia860m/xls/august_generator2026.xlsx,2026-10-08T17:54:58+00:00
7325,2,GT,Natural Gas Fired Combustion Turbine,88.200,80.000,87.000,1995,,True,august_generator2026.xlsx,https://www.eia.gov/electricity/data/eia860m/xls/august_generator2026.xlsx,2026-10-08T17:54:58+00:00
7512,1,CT,Natural Gas Fired Combined Cycle,187.500,165.000,176.000,2000,,True,august_generator2026.xlsx,https://www.eia.gov/electricity/data/eia860m/xls/august_generator2026.xlsx,2026-10-08T17:54:58+00:00
7512,2,CT,Natural Gas Fired Combined Cycle,187.500,165.000,176.000,2000,,True,august_generator2026.xlsx,https://www.eia.gov/electricity/data/eia860m/xls/august_generator2026.xlsx,2026-10-08T17:54:58+00:00
7512,3,CA,Natural Gas Fired Combined Cycle,200.000,190.000,197.000,2000,,True,august_generator2026.xlsx,https://www.eia.gov/electricity/data/eia860m/xls/august_generator2026.xlsx,2026-10-08T17:54:58+00:00
7900,5A,CT,Natural Gas Fired Combined Cycle,198.000,161.000,180.000,2004,,True,august_generator2026.xlsx,https://www.eia.gov/electricity/data/eia860m/xls/august_generator2026.xlsx,2026-10-08T17:54:58+00:00
7900,5C,CA,Natural Gas Fired Combined Cycle,190.000,151.000,164.000,2004,,True,august_generator2026.xlsx,https://www.eia.gov/electricity/data/eia860m/xls/august_generator2026.xlsx,2026-10-08T17:54:58+00:00
7900,SH1,GT,Natural Gas Fired Combustion Turbine,51.400,47.300,47.300,2001,,True,august_generator2026.xlsx,https://www.eia.gov/electricity/data/eia860m/xls/august_generator2026.xlsx,2026-10-08T17:54:58+00:00
7900,SH2,GT,Natural Gas Fired Combustion Turbine,51.400,47.300,47.300,2001,,True,august_generator2026.xlsx,https://www.eia.gov/electricity/data/eia860m/xls/august_generator2026.xlsx,2026-10-08T17:54:58+00:00
7900,SH3,GT,Natural Gas Fired Combustion Turbine,51.400,47.300,47.300,2001,,True,august_generator2026.xlsx,https://www.eia.gov/electricity/data/eia860m/xls/august_generator2026.xlsx,2026-10-08T17:54:58+00:00
7900,SH4,GT,Natural Gas Fired Combustion Turbine,51.400,47.300,47.300,2001,,True,august_generator2026.xlsx,https://www.eia.gov/electricity/data/eia860m/xls/august_generator2026.xlsx,2026-10-08T17:54:58+00:00
7900,SH6,GT,Natural Gas Fired Combustion Turbine,51.400,47.300,47.300,2010,,True,august_generator2026.xlsx,https://www.eia.gov/electricity/data/eia860m/xls/august_generator2026.xlsx,2026-10-08T17:54:58+00:00
7900,SH7,GT,Natural Gas Fired Combustion Turbine,51.400,47.300,47.300,2010,,True,august_generator2026.xlsx,https://www.eia.gov/electricity/data/eia860m/xls/august_generator2026.xlsx,2026-10-08T17:54:58+00:00
8063,CT1,GT,Natural Gas Fired Combustion Turbine,89.400,69.000,88.000,1990,,True,august_generator2026.xlsx,https://www.eia.gov/electricity/data/eia860m/xls/august_generator2026.xlsx,2026-10-08T17:54:58+00:00
8063,CT2,GT,Natural Gas Fired Combustion Turbine,89.400,68.000,87.000,1990,,True,august_generator2026.xlsx,https://www.eia.gov/electricity/data/eia860m/xls/august_generator2026.xlsx,2026-10-08T17:54:58+00:00
8063,CT3,GT,Natural Gas Fired Combustion Turbine,89.400,68.000,86.000,1990,,True,august_generator2026.xlsx,https://www.eia.gov/electricity/data/eia860m/xls/august_generator2026.xlsx,2026-10-08T17:54:58+00:00
8063,CT4,GT,Natural Gas Fired Combustion Turbine,89.400,69.000,86.000,1990,,True,august_generator2026.xlsx,https://www.eia.gov/electricity/data/eia860m/xls/august_generator2026.xlsx,2026-10-08T17:54:58+00:00
10154,GEN1,GT,Natural Gas Fired Combustion Turbine,41.000,30.000,38.000,1985,,True,august_generator2026.xlsx,https://www.eia.gov/electricity/data/eia860m/xls/august_generator2026.xlsx,2026-10-08T17:54:58+00:00
10154,GEN2,GT,Natural Gas Fired Combustion Turbine,50.000,40.000,50.000,2020,,True,august_generator2026.xlsx,https://www.eia.gov/electricity/data/eia860m/xls/august_generator2026.xlsx,2026-10-08T17:54:58+00:00
10154,GEN3,GT,Natural Gas Fired Combustion Turbine,50.000,40.000,50.000,2020,,True,august_generator2026.xlsx,https://www.eia.gov/electricity/data/eia860m/xls/august_generator2026.xlsx,2026-10-08T17:54:58+00:00
10184,EG1,IC,Natural Gas Internal Combustion Engine,6.000,3.600,4.100,1988,,True,august_generator2026.xlsx,https://www.eia.gov/electricity/data/eia860m/xls/august_generator2026.xlsx,2026-10-08T17:54:58+00:00
10184,EG2,IC,Natural Gas Internal Combustion Engine,6.000,2.500,2.400,1988,,True,august_generator2026.xlsx,https://www.eia.gov/electricity/data/eia860m/xls/august_generator2026.xlsx,2026-10-08T17:54:58+00:00
10184,TG1,ST,Natural Gas Steam Turbine,2.300,2.200,2.300,1988,,True,august_generator2026.xlsx,https://www.eia.gov/electricity/data/eia860m/xls/august_generator2026.xlsx,2026-10-08T17:54:58+00:00
10243,GEN5,GT,Natural Gas Fired Combustion Turbine,44.200,32.500,38.000,1989,,True,august_generator2026.xlsx,https://www.eia.gov/electricity/data/eia860m/xls/august_generator2026.xlsx,2026-10-08T17:54:58+00:00
10261,GEN3,GT,Natural Gas Fired Combustion Turbine,3.400,3.000,2.800,1991,,True,august_generator2026.xlsx,https://www.eia.gov/electricity/data/eia860m/xls/august_generator2026.xlsx,2026-10-08T17:54:58+00:00
10261,GEN4,GT,Natural Gas Fired Combustion Turbine,3.400,3.000,2.800,1991,,True,august_generator2026.xlsx,https://www.eia.gov/electricity/data/eia860m/xls/august_generator2026.xlsx,2026-10-08T17:54:58+00:00
10261,GEN5,GT,Natural Gas Fired Combustion Turbine,3.400,3.000,2.800,1991,,True,august_generator2026.xlsx,https://www.eia.gov/electricity/data/eia860m/xls/august_generator2026.xlsx,2026-10-08T17:54:58+00:00
10261,GEN6,GT,Natural Gas Fired Combustion Turbine,3.500,3.000,2.800,1996,,True,august_generator2026.xlsx,https://www.eia.gov/electricity/data/eia860m/xls/august_generator2026.xlsx,2026-10-08T17:54:58+00:00
10261,GEN7,GT,Natural Gas Fired Combustion Turbine,3.500,3.000,2.800,1996,,True,august_generator2026.xlsx,https://www.eia.gov/electricity/data/eia860m/xls/august_generator2026.xlsx,2026-10-08T17:54:58+00:00
10261,GEN8,GT,Natural Gas Fired Combustion Turbine,3.500,3.000,2.800,1996,,True,august_generator2026.xlsx,https://www.eia.gov/electricity/data/eia860m/xls/august_generator2026.xlsx,2026-10-08T17:54:58+00:00
10298,GT1,GT,Natural Gas Fired Combustion Turbine,79.600,75.000,93.000,2014,,True,august_generator2026.xlsx,https://www.eia.gov/electricity/data/eia860m/xls/august_generator2026.xlsx,2026-10-08T17:54:58+00:00
10298,GT2,GT,Natural Gas Fired Combustion Turbine,79.600,75.000,93.000,2016,,True,august_generator2026.xlsx,https://www.eia.gov/electricity/data/eia860m/xls/august_generator2026.xlsx,2026-10-08T17:54:58+00:00
10298,GT3,GT,Natural Gas Fired Combustion Turbine,79.600,75.000,93.000,2015,,True,august_generator2026.xlsx,https://www.eia.gov/electricity/data/eia860m/xls/august_generator2026.xlsx,2026-10-08T17:54:58+00:00
10298,GT4,GT,Natural Gas Fired Combustion Turbine,79.600,75.000,93.000,2015,,True,august_generator2026.xlsx,https://www.eia.gov/electricity/data/eia860m/xls/august_generator2026.xlsx,2026-10-08T17:54:58+00:00
10418,GEN1,ST,Natural Gas Steam Turbine,6.000,5.200,5.200,1993,,True,august_generator2026.xlsx,https://www.eia.gov/electricity/data/eia860m/xls/august_generator2026.xlsx,2026-10-08T17:54:58+00:00
10418,GEN4,ST,Natural Gas Steam Turbine,46.100,42.500,42.500,2000,,True,august_generator2026.xlsx,https://www.eia.gov/electricity/data/eia860m/xls/august_generator2026.xlsx,2026-10-08T17:54:58+00:00
10436,GT38,GT,Natural Gas Fired Combustion Turbine,45.700,31.000,35.000,1989,,True,august_generator2026.xlsx,https://www.eia.gov/electricity/data/eia860m/xls/august_generator2026.xlsx,2026-10-08T17:54:58+00:00
10436,GT41,GT,Natural Gas Fired Combustion Turbine,27.600,18.000,24.000,1977,,True,august_generator2026.xlsx,https://www.eia.gov/electricity/data/eia860m/xls/august_generator2026.xlsx,2026-10-08T17:54:58+00:00
10436,GT42,GT,Natural Gas Fired Combustion Turbine,27.600,18.000,24.000,1977,,True,august_generator2026.xlsx,https://www.eia.gov/electricity/data/eia860m/xls/august_generator2026.xlsx,2026-10-08T17:54:58+00:00
10436,GT43,GT,Natural Gas Fired Combustion Turbine,27.600,18.000,24.000,1977,,True,august_generator2026.xlsx,https://www.eia.gov/electricity/data/eia860m/xls/august_generator2026.xlsx,2026-10-08T17:54:58+00:00
10436,GT44,GT,Natural Gas Fired Combustion Turbine,27.600,18.000,24.000,1977,,True,august_generator2026.xlsx,https://www.eia.gov/electricity/data/eia860m/xls/august_generator2026.xlsx,2026-10-08T17:54:58+00:00
10436,GT45,GT,Natural Gas Fired Combustion Turbine,45.700,31.000,35.000,1988,,True,august_generator2026.xlsx,https://www.eia.gov/electricity/data/eia860m/xls/august_generator2026.xlsx,2026-10-08T17:54:58+00:00
10554,3ST1,CA,Natural Gas Fired Combined Cycle,40.000,38.000,40.000,2023,,True,august_generator2026.xlsx,https://www.eia.gov/electricity/data/eia860m/xls/august_generator2026.xlsx,2026-10-08T17:54:58+00:00
10554,3TBG1,CT,Natural Gas Fired Combined Cycle,102.000,97.000,102.000,2023,,True,august_generator2026.xlsx,https://www.eia.gov/electricity/data/eia860m/xls/august_generator2026.xlsx,2026-10-08T17:54:58+00:00
10554,3TBG2,CT,Natural Gas Fired Combined Cycle,102.000,97.000,102.000,2023,,True,august_generator2026.xlsx,https://www.eia.gov/electricity/data/eia860m/xls/august_generator2026.xlsx,2026-10-08T17:54:58+00:00
10554,BO3,CT,Natural Gas Fired Combined Cycle,36.200,32.000,32.000,1987,,True,august_generator2026.xlsx,https://www.eia.gov/electricity/data/eia860m/xls/august_generator2026.xlsx,2026-10-08T17:54:58+00:00
10554,ST1,CA,Natural Gas Fired Combined Cycle,33.500,28.500,28.500,1994,,True,august_generator2026.xlsx,https://www.eia.gov/electricity/data/eia860m/xls/august_generator2026.xlsx,2026-10-08T17:54:58+00:00
10554,ST2,CA,Natural Gas Fired Combined Cycle,66.300,58.000,58.000,1994,,True,august_generator2026.xlsx,https://www.eia.gov/electricity/data/eia860m/xls/august_generator2026.xlsx,2026-10-08T17:54:58+00:00
10554,ST3,CA,Natural Gas Fired Combined Cycle,55.000,47.300,51.700,2002,,True,august_generator2026.xlsx,https://www.eia.gov/electricity/data/eia860m/xls/august_generator2026.xlsx,2026-10-08T17:54:58+00:00
10554,TBG1,CT,Natural Gas Fired Combined Cycle,82.500,72.000,90.000,1993,,True,august_generator2026.xlsx,https://www.eia.gov/electricity/data/eia860m/xls/august_generator2026.xlsx,2026-10-08T17:54:58+00:00
10554,TBG2,CT,Natural Gas Fired Combined Cycle,82.500,72.000,90.000,1993,,True,august_generator2026.xlsx,https://www.eia.gov/electricity/data/eia860m/xls/august_generator2026.xlsx,2026-10-08T17:54:58+00:00
10554,TBG3,CT,Natural Gas Fired Combined Cycle,82.500,72.000,90.000,1993,,True,august_generator2026.xlsx,https://www.eia.gov/electricity/data/eia860m/xls/august_generator2026.xlsx,2026-10-08T17:54:58+00:00
10554,TBG4,CT,Natural Gas Fired Combined Cycle,82.500,72.000,90.000,1994,,True,august_generator2026.xlsx,https://www.eia.gov/electricity/data/eia860m/xls/august_generator2026.xlsx,2026-10-08T17:54:58+00:00
10554,TBG5,CT,Natural Gas Fired Combined Cycle,82.500,72.000,90.000,1994,,True,august_generator2026.xlsx,https://www.eia.gov/electricity/data/eia860m/xls/august_generator2026.xlsx,2026-10-08T17:54:58+00:00
10554,TBG6,CT,Natural Gas Fired Combined Cycle,85.900,72.000,90.000,2003,,True,august_generator2026.xlsx,https://www.eia.gov/electricity/data/eia860m/xls/august_generator2026.xlsx,2026-10-08T17:54:58+00:00
10692,GEN1,GT,Natural Gas Fired Combustion Turbine,39.700,29.000,35.000,1989,,True,august_generator2026.xlsx,https://www.eia.gov/electricity/data/eia860m/xls/august_generator2026.xlsx,2026-10-08T17:54:58+00:00
10692,GEN2,GT,Natural Gas Fired Combustion Turbine,39.700,29.000,35.000,1989,,True,august_generator2026.xlsx,https://www.eia.gov/electricity/data/eia860m/xls/august_generator2026.xlsx,2026-10-08T17:54:58+00:00
10692,GEN3,GT,Natural Gas Fired Combustion Turbine,39.700,29.000,35.000,1989,,True,august_generator2026.xlsx,https://www.eia.gov/electricity/data/eia860m/xls/august_generator2026.xlsx,2026-10-08T17:54:58+00:00
10692,GEN4,GT,Natural Gas Fired Combustion Turbine,98.900,78.000,89.000,1997,,True,august_generator2026.xlsx,https://www.eia.gov/electricity/data/eia860m/xls/august_generator2026.xlsx,2026-10-08T17:54:58+00:00
10692,GEN5,GT,Natural Gas Fired Combustion Turbine,163.800,140.000,180.100,2004,,True,august_generator2026.xlsx,https://www.eia.gov/electricity/data/eia860m/xls/august_generator2026.xlsx,2026-10-08T17:54:58+00:00
10790,GEN1,GT,Natural Gas Fired Combustion Turbine,102.400,75.000,88.000,1987,,True,august_generator2026.xlsx,https://www.eia.gov/electricity/data/eia860m/xls/august_generator2026.xlsx,2026-10-08T17:54:58+00:00
50026,FR6,GT,Natural Gas Fired Combustion Turbine,47.000,32.000,41.000,1988,,True,august_generator2026.xlsx,https://www.eia.gov/electricity/data/eia860m/xls/august_generator2026.xlsx,2026-10-08T17:54:58+00:00
50043,GT1,CT,Natural Gas Fired Combined Cycle,104.200,66.000,74.000,1982,,True,august_generator2026.xlsx,https://www.eia.gov/electricity/data/eia860m/xls/august_generator2026.xlsx,2026-10-08T17:54:58+00:00
50043,GT2,CT,Natural Gas Fired Combined Cycle,104.200,66.000,74.000,1982,,True,august_generator2026.xlsx,https://www.eia.gov/electricity/data/eia860m/xls/august_generator2026.xlsx,2026-10-08T17:54:58+00:00
50043,GT3,CT,Natural Gas Fired Combined Cycle,84.900,69.000,78.000,2005,,True,august_generator2026.xlsx,https://www.eia.gov/electricity/data/eia860m/xls/august_generator2026.xlsx,2026-10-08T17:54:58+00:00
50043,ST,CA,Natural Gas Fired Combined Cycle,87.400,62.000,74.000,1982,,True,august_generator2026.xlsx,https://www.eia.gov/electricity/data/eia860m/xls/august_generator2026.xlsx,2026-10-08T17:54:58+00:00
50054,GEN1,GT,Natural Gas Fired Combustion Turbine,3.100,3.100,2.800,1986,,True,august_generator2026.xlsx,https://www.eia.gov/electricity/data/eia860m/xls/august_generator2026.xlsx,2026-10-08T17:54:58+00:00
50054,GEN2,GT,Natural Gas Fired Combustion Turbine,3.800,3.800,3.800,1989,,True,august_generator2026.xlsx,https://www.eia.gov/electricity/data/eia860m/xls/august_generator2026.xlsx,2026-10-08T17:54:58+00:00
50109,GEN1,CT,Natural Gas Fired Combined Cycle,87.800,76.000,87.000,1989,,True,august_generator2026.xlsx,https://www.eia.gov/electricity/data/eia860m/xls/august_generator2026.xlsx,2026-10-08T17:54:58+00:00
50109,GEN2,CT,Natural Gas Fired Combined Cycle,87.800,76.000,87.000,1989,,True,august_generator2026.xlsx,https://www.eia.gov/electricity/data/eia860m/xls/august_generator2026.xlsx,2026-10-08T17:54:58+00:00
50109,GEN3,CA,Natural Gas Fired Combined Cycle,90.000,87.000,89.000,1989,,True,august_generator2026.xlsx,https://www.eia.gov/electricity/data/eia860m/xls/august_generator2026.xlsx,2026-10-08T17:54:58+00:00
50118,GEN10,CT,Natural Gas Fired Combined Cycle,34.400,33.000,32.500,2010,,True,august_generator2026.xlsx,https://www.eia.gov/electricity/data/eia860m/xls/august_generator2026.xlsx,2026-10-08T17:54:58+00:00
50118,GEN4,CA,Natural Gas Fired Combined Cycle,7.600,7.600,7.600,1951,2028,True,august_generator2026.xlsx,https://www.eia.gov/electricity/data/eia860m/xls/august_generator2026.xlsx,2026-10-08T17:54:58+00:00
50118,GEN5,CA,Natural Gas Fired Combined Cycle,6.000,6.000,6.000,1959,2028,True,august_generator2026.xlsx,https://www.eia.gov/electricity/data/eia860m/xls/august_generator2026.xlsx,2026-10-08T17:54:58+00:00
50118,GEN7,CA,Natural Gas Fired Combined Cycle,28.800,27.600,27.200,1979,,True,august_generator2026.xlsx,https://www.eia.gov/electricity/data/eia860m/xls/august_generator2026.xlsx,2026-10-08T17:54:58+00:00
50118,GEN8,CT,Natural Gas Fired Combined Cycle,48.500,46.500,45.800,1987,,True,august_generator2026.xlsx,https://www.eia.gov/electricity/data/eia860m/xls/august_generator2026.xlsx,2026-10-08T17:54:58+00:00
50118,GEN9,CA,Natural Gas Fired Combined Cycle,27.200,26.100,25.700,2004,,True,august_generator2026.xlsx,https://www.eia.gov/electricity/data/eia860m/xls/august_generator2026.xlsx,2026-10-08T17:54:58+00:00
50127,GTA,CT,Natural Gas Fired Combined Cycle,20.000,19.700,19.700,1987,,True,august_generator2026.xlsx,https://www.eia.gov/electricity/data/eia860m/xls/august_generator2026.xlsx,2026-10-08T17:54:58+00:00
50127,GTB,CT,Natural Gas Fired Combined Cycle,20.000,19.700,19.700,1987,,True,august_generator2026.xlsx,https://www.eia.gov/electricity/data/eia860m/xls/august_generator2026.xlsx,2026-10-08T17:54:58+00:00
50127,GTC,CT,Natural Gas Fired Combined Cycle,20.000,19.700,19.700,1987,,True,august_generator2026.xlsx,https://www.eia.gov/electricity/data/eia860m/xls/august_generator2026.xlsx,2026-10-08T17:54:58+00:00
50127,STD,CA,Natural Gas Fired Combined Cycle,20.000,17.000,16.000,1987,,True,august_generator2026.xlsx,https://www.eia.gov/electricity/data/eia860m/xls/august_generator2026.xlsx,2026-10-08T17:54:58+00:00
50137,GEN1,GT,Natural Gas Fired Combustion Turbine,101.900,75.000,80.000,1984,,True,august_generator2026.xlsx,https://www.eia.gov/electricity/data/eia860m/xls/august_generator2026.xlsx,2026-10-08T17:54:58+00:00
50150,GE10,ST,Natural Gas Steam Turbine,15.000,15.000,15.000,1964,,True,august_generator2026.xlsx,https://www.eia.gov/electricity/data/eia860m/xls/august_generator2026.xlsx,2026-10-08T17:54:58+00:00
50150,GE11,GT,Natural Gas Fired Combustion Turbine,35.000,30.000,38.000,2000,,True,august_generator2026.xlsx,https://www.eia.gov/electricity/data/eia860m/xls/august_generator2026.xlsx,2026-10-08T17:54:58+00:00
50150,GEN5,ST,Natural Gas Steam Turbine,15.000,15.000,15.000,1987,,True,august_generator2026.xlsx,https://www.eia.gov/electricity/data/eia860m/xls/august_generator2026.xlsx,2026-10-08T17:54:58+00:00
50150,GEN6,GT,Natural Gas Fired Combustion Turbine,35.000,30.000,38.000,1987,,True,august_generator2026.xlsx,https://www.eia.gov/electricity/data/eia860m/xls/august_generator2026.xlsx,2026-10-08T17:54:58+00:00
50150,GEN7,ST,Natural Gas Steam Turbine,6.000,6.000,6.000,1987,,True,august_generator2026.xlsx,https://www.eia.gov/electricity/data/eia860m/xls/august_generator2026.xlsx,2026-10-08T17:54:58+00:00
50150,GEN8,GT,Natural Gas Fired Combustion Turbine,35.000,30.000,38.000,1987,,True,august_generator2026.xlsx,https://www.eia.gov/electricity/data/eia860m/xls/august_generator2026.xlsx,2026-10-08T17:54:58+00:00
50150,GEN9,ST,Natural Gas Steam Turbine,15.000,15.000,15.000,1987,,True,august_generator2026.xlsx,https://www.eia.gov/electricity/data/eia860m/xls/august_generator2026.xlsx,2026-10-08T17:54:58+00:00
50150,IGT,GT,Natural Gas Fired Combustion Turbine,12.000,12.000,12.000,1969,,True,august_generator2026.xlsx,https://www.eia.gov/electricity/data/eia860m/xls/august_generator2026.xlsx,2026-10-08T17:54:58+00:00
50229,TG2,ST,Natural Gas Steam Turbine,35.000,35.000,35.000,1972,,True,august_generator2026.xlsx,https://www.eia.gov/electricity/data/eia860m/xls/august_generator2026.xlsx,2026-10-08T17:54:58+00:00
50304,GEN4,GT,Natural Gas Fired Combustion Turbine,88.200,75.000,85.000,1995,,True,august_generator2026.xlsx,https://www.eia.gov/electricity/data/eia860m/xls/august_generator2026.xlsx,2026-10-08T17:54:58+00:00
50304,GEN5,GT,Natural Gas Fired Combustion Turbine,94.000,78.000,92.000,1995,,True,august_generator2026.xlsx,https://www.eia.gov/electricity/data/eia860m/xls/august_generator2026.xlsx,2026-10-08T17:54:58+00:00
50475,GEN1,GT,Natural Gas Fired Combustion Turbine,41.000,33.000,41.000,1989,,True,august_generator2026.xlsx,https://www.eia.gov/electricity/data/eia860m/xls/august_generator2026.xlsx,2026-10-08T17:54:58+00:00
50815,GEN1,CT,Natural Gas Fired Combined Cycle,84.900,60.000,80.000,1985,,True,august_generator2026.xlsx,https://www.eia.gov/electricity/data/eia860m/xls/august_generator2026.xlsx,2026-10-08T17:54:58+00:00
50815,GEN2,CT,Natural Gas Fired Combined Cycle,84.900,61.000,82.000,1985,,True,august_generator2026.xlsx,https://www.eia.gov/electricity/data/eia860m/xls/august_generator2026.xlsx,2026-10-08T17:54:58+00:00
50815,GEN3,CT,Natural Gas Fired Combined Cycle,84.900,62.000,80.000,1985,,True,august_generator2026.xlsx,https://www.eia.gov/electricity/data/eia860m/xls/august_generator2026.xlsx,2026-10-08T17:54:58+00:00
50815,GEN4,CT,Natural Gas Fired Combined Cycle,84.900,62.500,81.000,1986,,True,august_generator2026.xlsx,https://www.eia.gov/electricity/data/eia860m/xls/august_generator2026.xlsx,2026-10-08T17:54:58+00:00
50815,GEN5,CT,Natural Gas Fired Combined Cycle,84.900,61.500,78.000,1986,,True,august_generator2026.xlsx,https://www.eia.gov/electricity/data/eia860m/xls/august_generator2026.xlsx,2026-10-08T17:54:58+00:00
50815,GEN6,CA,Natural Gas Fired Combined Cycle,129.200,118.000,127.000,1986,,True,august_generator2026.xlsx,https://www.eia.gov/electricity/data/eia860m/xls/august_generator2026.xlsx,2026-10-08T17:54:58+00:00
50815,GEN7,CT,Natural Gas Fired Combined Cycle,89.900,60.000,77.000,1995,,True,august_generator2026.xlsx,https://www.eia.gov/electricity/data/eia860m/xls/august_generator2026.xlsx,2026-10-08T17:54:58+00:00
52088,GEN1,CA,Natural Gas Fired Combined Cycle,141.000,142.000,141.000,1987,,True,august_generator2026.xlsx,https://www.eia.gov/electricity/data/eia860m/xls/august_generator2026.xlsx,2026-10-08T17:54:58+00:00
52088,GEN2,CT,Natural Gas Fired Combined Cycle,103.000,92.000,98.000,1987,,True,august_generator2026.xlsx,https://www.eia.gov/electricity/data/eia860m/xls/august_generator2026.xlsx,2026-10-08T17:54:58+00:00
52088,GEN3,CT,Natural Gas Fired Combined Cycle,103.000,92.000,98.000,1987,,True,august_generator2026.xlsx,https://www.eia.gov/electricity/data/eia860m/xls/august_generator2026.xlsx,2026-10-08T17:54:58+00:00
52088,GEN4,CT,Natural Gas Fired Combined Cycle,103.000,92.000,98.000,1987,,True,august_generator2026.xlsx,https://www.eia.gov/electricity/data/eia860m/xls/august_generator2026.xlsx,2026-10-08T17:54:58+00:00
52120,G-61,CT,Natural Gas Fired Combined Cycle,94.500,68.300,76.100,1982,,True,august_generator2026.xlsx,https://www.eia.gov/electricity/data/eia860m/xls/august_generator2026.xlsx,2026-10-08T17:54:58+00:00
52120,G-63,CT,Natural Gas Fired Combined Cycle,94.500,68.300,80.000,1982,,True,august_generator2026.xlsx,https://www.eia.gov/electricity/data/eia860m/xls/august_generator2026.xlsx,2026-10-08T17:54:58+00:00
52120,G-64,CA,Natural Gas Fired Combined Cycle,64.800,35.000,35.000,1982,,True,august_generator2026.xlsx,https://www.eia.gov/electricity/data/eia860m/xls/august_generator2026.xlsx,2026-10-08T17:54:58+00:00
52120,G-65,CA,Natural Gas Fired Combined Cycle,111.300,95.200,95.200,1984,,True,august_generator2026.xlsx,https://www.eia.gov/electricity/data/eia860m/xls/august_generator2026.xlsx,2026-10-08T17:54:58+00:00
52120,G-66,CT,Natural Gas Fired Combined Cycle,119.000,95.600,106.500,1983,,True,august_generator2026.xlsx,https://www.eia.gov/electricity/data/eia860m/xls/august_generator2026.xlsx,2026-10-08T17:54:58+00:00
52120,G-67,CT,Natural Gas Fired Combined Cycle,119.000,95.600,106.500,1984,,True,august_generator2026.xlsx,https://www.eia.gov/electricity/data/eia860m/xls/august_generator2026.xlsx,2026-10-08T17:54:58+00:00
52132,GEN1,CT,Natural Gas Fired Combined Cycle,78.200,69.000,78.000,1986,,True,august_generator2026.xlsx,https://www.eia.gov/electricity/data/eia860m/xls/august_generator2026.xlsx,2026-10-08T17:54:58+00:00
52132,GEN2,CT,Natural Gas Fired Combined Cycle,78.200,69.000,78.000,1986,,True,august_generator2026.xlsx,https://www.eia.gov/electricity/data/eia860m/xls/august_generator2026.xlsx,2026-10-08T17:54:58+00:00
52132,GEN3,CA,Natural Gas Fired Combined Cycle,34.700,34.000,34.000,1986,,True,august_generator2026.xlsx,https://www.eia.gov/electricity/data/eia860m/xls/august_generator2026.xlsx,2026-10-08T17:54:58+00:00
52176,GEN1,GT,Natural Gas Fired Combustion Turbine,84.900,84.900,84.900,1987,,True,august_generator2026.xlsx,https://www.eia.gov/electricity/data/eia860m/xls/august_generator2026.xlsx,2026-10-08T17:54:58+00:00
52176,GEN2,GT,Natural Gas Fired Combustion Turbine,84.900,84.900,84.900,1987,,True,august_generator2026.xlsx,https://www.eia.gov/electricity/data/eia860m/xls/august_generator2026.xlsx,2026-10-08T17:54:58+00:00
54330,1,GT,Natural Gas Fired Combustion Turbine,3.700,3.700,3.700,1988,,True,august_generator2026.xlsx,https://www.eia.gov/electricity/data/eia860m/xls/august_generator2026.xlsx,2026-10-08T17:54:58+00:00
54520,SD1,IC,Natural Gas Internal Combustion Engine,0.900,0.900,0.900,1994,,True,august_generator2026.xlsx,https://www.eia.gov/electricity/data/eia860m/xls/august_generator2026.xlsx,2026-10-08T17:54:58+00:00
54520,SD2,IC,Natural Gas Internal Combustion Engine,0.900,0.900,0.900,1994,,True,august_generator2026.xlsx,https://www.eia.gov/electricity/data/eia860m/xls/august_generator2026.xlsx,2026-10-08T17:54:58+00:00
54520,TG1,GT,Natural Gas Fired Combustion Turbine,5.300,4.200,5.300,2001,,True,august_generator2026.xlsx,https://www.eia.gov/electricity/data/eia860m/xls/august_generator2026.xlsx,2026-10-08T17:54:58+00:00
54520,TG2,GT,Natural Gas Fired Combustion Turbine,5.300,4.200,5.300,2001,,True,august_generator2026.xlsx,https://www.eia.gov/electricity/data/eia860m/xls/august_generator2026.xlsx,2026-10-08T17:54:58+00:00
54676,G81,CT,Natural Gas Fired Combined Cycle,99.000,73.000,90.000,1994,,True,august_generator2026.xlsx,https://www.eia.gov/electricity/data/eia860m/xls/august_generator2026.xlsx,2026-10-08T17:54:58+00:00
54676,G82,CT,Natural Gas Fired Combined Cycle,99.000,73.000,90.000,1994,,True,august_generator2026.xlsx,https://www.eia.gov/electricity/data/eia860m/xls/august_generator2026.xlsx,2026-10-08T17:54:58+00:00
54676,G83,CT,Natural Gas Fired Combined Cycle,99.000,73.000,90.000,1994,,True,august_generator2026.xlsx,https://www.eia.gov/electricity/data/eia860m/xls/august_generator2026.xlsx,2026-10-08T17:54:58+00:00
54676,G84,CA,Natural Gas Fired Combined Cycle,200.900,160.000,160.000,1994,,True,august_generator2026.xlsx,https://www.eia.gov/electricity/data/eia860m/xls/august_generator2026.xlsx,2026-10-08T17:54:58+00:00
54817,GT-1,CT,Natural Gas Fired Combined Cycle,178.200,174.000,176.000,1996,,True,august_generator2026.xlsx,https://www.eia.gov/electricity/data/eia860m/xls/august_generator2026.xlsx,2026-10-08T17:54:58+00:00
54817,ST-1,CA,Natural Gas Fired Combined Cycle,104.400,104.000,104.000,1996,,True,august_generator2026.xlsx,https://www.eia.gov/electricity/data/eia860m/xls/august_generator2026.xlsx,2026-10-08T17:54:58+00:00
55015,GEN1,GT,Natural Gas Fired Combustion Turbine,143.000,109.000,126.000,1997,,True,august_generator2026.xlsx,https://www.eia.gov/electricity/data/eia860m/xls/august_generator2026.xlsx,2026-10-08T17:54:58+00:00
55015,GEN2,GT,Natural Gas Fired Combustion Turbine,143.000,109.000,126.000,1997,,True,august_generator2026.xlsx,https://www.eia.gov/electricity/data/eia860m/xls/august_generator2026.xlsx,2026-10-08T17:54:58+00:00
55015,GEN3,GT,Natural Gas Fired Combustion Turbine,143.000,109.000,126.000,1997,,True,august_generator2026.xlsx,https://www.eia.gov/electricity/data/eia860m/xls/august_generator2026.xlsx,2026-10-08T17:54:58+00:00
55015,GEN4,GT,Natural Gas Fired Combustion Turbine,143.000,109.000,126.000,2000,,True,august_generator2026.xlsx,https://www.eia.gov/electricity/data/eia860m/xls/august_generator2026.xlsx,2026-10-08T17:54:58+00:00
55047,CTG1,CT,Natural Gas Fired Combined Cycle,175.000,167.000,175.000,1998,,True,august_generator2026.xlsx,https://www.eia.gov/electricity/data/eia860m/xls/august_generator2026.xlsx,2026-10-08T17:54:58+00:00
55047,CTG2,CT,Natural Gas Fired Combined Cycle,185.000,171.000,180.000,2000,,True,august_generator2026.xlsx,https://www.eia.gov/electricity/data/eia860m/xls/august_generator2026.xlsx,2026-10-08T17:54:58+00:00
55047,CTG3,CT,Natural Gas Fired Combined Cycle,185.000,171.000,180.000,2000,,True,august_generator2026.xlsx,https://www.eia.gov/electricity/data/eia860m/xls/august_generator2026.xlsx,2026-10-08T17:54:58+00:00
55047,STG1,CA,Natural Gas Fired Combined Cycle,85.000,71.000,72.000,1998,,True,august_generator2026.xlsx,https://www.eia.gov/electricity/data/eia860m/xls/august_generator2026.xlsx,2026-10-08T17:54:58+00:00
55047,STG2,CA,Natural Gas Fired Combined Cycle,185.000,166.000,169.000,2000,,True,august_generator2026.xlsx,https://www.eia.gov/electricity/data/eia860m/xls/august_generator2026.xlsx,2026-10-08T17:54:58+00:00
55052,620,IC,Natural Gas Internal Combustion Engine,0.400,0.400,0.400,1981,,True,august_generator2026.xlsx,https://www.eia.gov/electricity/data/eia860m/xls/august_generator2026.xlsx,2026-10-08T17:54:58+00:00
55052,621,IC,Natural Gas Internal Combustion Engine,0.400,0.400,0.400,1981,,True,august_generator2026.xlsx,https://www.eia.gov/electricity/data/eia860m/xls/august_generator2026.xlsx,2026-10-08T17:54:58+00:00
55052,622,IC,Natural Gas Internal Combustion Engine,0.500,0.500,0.500,1986,,True,august_generator2026.xlsx,https://www.eia.gov/electricity/data/eia860m/xls/august_generator2026.xlsx,2026-10-08T17:54:58+00:00
55052,GN410,IC,Natural Gas Internal Combustion Engine,0.500,0.500,0.500,2017,,True,august_generator2026.xlsx,https://www.eia.gov/electricity/data/eia860m/xls/august_generator2026.xlsx,2026-10-08T17:54:58+00:00
55053,14,IC,Natural Gas Internal Combustion Engine,0.800,0.800,0.800,2013,,True,august_generator2026.xlsx,https://www.eia.gov/electricity/data/eia860m/xls/august_generator2026.xlsx,2026-10-08T17:54:58+00:00
55053,15,IC,Natural Gas Internal Combustion Engine,0.800,0.800,0.800,2013,,True,august_generator2026.xlsx,https://www.eia.gov/electricity/data/eia860m/xls/august_generator2026.xlsx,2026-10-08T17:54:58+00:00
55053,16,IC,Natural Gas Internal Combustion Engine,0.800,0.800,0.800,2013,,True,august_generator2026.xlsx,https://www.eia.gov/electricity/data/eia860m/xls/august_generator2026.xlsx,2026-10-08T17:54:58+00:00
55053,17,IC,Natural Gas Internal Combustion Engine,0.800,0.800,0.800,2013,,True,august_generator2026.xlsx,https://www.eia.gov/electricity/data/eia860m/xls/august_generator2026.xlsx,2026-10-08T17:54:58+00:00
55053,2723,IC,Natural Gas Internal Combustion Engine,0.800,0.800,0.800,2009,,True,august_generator2026.xlsx,https://www.eia.gov/electricity/data/eia860m/xls/august_generator2026.xlsx,2026-10-08T17:54:58+00:00
55053,654,IC,Natural Gas Internal Combustion Engine,0.800,0.800,0.800,2000,,True,august_generator2026.xlsx,https://www.eia.gov/electricity/data/eia860m/xls/august_generator2026.xlsx,2026-10-08T17:54:58+00:00
55053,655,IC,Natural Gas Internal Combustion Engine,0.800,0.800,0.800,2001,,True,august_generator2026.xlsx,https://www.eia.gov/electricity/data/eia860m/xls/august_generator2026.xlsx,2026-10-08T17:54:58+00:00
55053,656,IC,Natural Gas Internal Combustion Engine,0.800,0.800,0.800,2001,,True,august_generator2026.xlsx,https://www.eia.gov/electricity/data/eia860m/xls/august_generator2026.xlsx,2026-10-08T17:54:58+00:00
55053,657,IC,Natural Gas Internal Combustion Engine,0.800,0.800,0.800,2001,,True,august_generator2026.xlsx,https://www.eia.gov/electricity/data/eia860m/xls/august_generator2026.xlsx,2026-10-08T17:54:58+00:00
55053,658,IC,Natural Gas Internal Combustion Engine,0.800,0.800,0.800,2001,,True,august_generator2026.xlsx,https://www.eia.gov/electricity/data/eia860m/xls/august_generator2026.xlsx,2026-10-08T17:54:58+00:00
55053,666,IC,Natural Gas Internal Combustion Engine,0.800,0.800,0.800,2001,,True,august_generator2026.xlsx,https://www.eia.gov/electricity/data/eia860m/xls/august_generator2026.xlsx,2026-10-08T17:54:58+00:00
55053,667,IC,Natural Gas Internal Combustion Engine,0.800,0.800,0.800,2001,,True,august_generator2026.xlsx,https://www.eia.gov/electricity/data/eia860m/xls/august_generator2026.xlsx,2026-10-08T17:54:58+00:00
55053,671,IC,Natural Gas Internal Combustion Engine,0.800,0.800,0.800,2002,,True,august_generator2026.xlsx,https://www.eia.gov/electricity/data/eia860m/xls/august_generator2026.xlsx,2026-10-08T17:54:58+00:00
55062,GTG1,CT,Natural Gas Fired Combined Cycle,183.200,155.000,177.000,2000,,True,august_generator2026.xlsx,https://www.eia.gov/electricity/data/eia860m/xls/august_generator2026.xlsx,2026-10-08T17:54:58+00:00
55062,GTG2,CT,Natural Gas Fired Combined Cycle,183.200,155.000,177.000,2000,,True,august_generator2026.xlsx,https://www.eia.gov/electricity/data/eia860m/xls/august_generator2026.xlsx,2026-10-08T17:54:58+00:00
55062,GTG3,CT,Natural Gas Fired Combined Cycle,183.200,155.000,177.000,2000,,True,august_generator2026.xlsx,https://www.eia.gov/electricity/data/eia860m/xls/august_generator2026.xlsx,2026-10-08T17:54:58+00:00
55062,STG1,CA,Natural Gas Fired Combined Cycle,390.100,395.000,395.000,2000,,True,august_generator2026.xlsx,https://www.eia.gov/electricity/data/eia860m/xls/august_generator2026.xlsx,2026-10-08T17:54:58+00:00
55086,GT1A,CT,Natural Gas Fired Combined Cycle,184.900,141.000,162.000,2000,,True,august_generator2026.xlsx,https://www.eia.gov/electricity/data/eia860m/xls/august_generator2026.xlsx,2026-10-08T17:54:58+00:00
55086,GT1B,CT,Natural Gas Fired Combined Cycle,184.900,140.000,162.000,2000,,True,august_generator2026.xlsx,https://www.eia.gov/electricity/data/eia860m/xls/august_generator2026.xlsx,2026-10-08T17:54:58+00:00
55086,STG,CA,Natural Gas Fired Combined Cycle,100.000,85.000,87.000,2000,,True,august_generator2026.xlsx,https://www.eia.gov/electricity/data/eia860m/xls/august_generator2026.xlsx,2026-10-08T17:54:58+00:00
55091,STK1,CS,Natural Gas Fired Combined Cycle,289.000,270.000,285.000,2000,,True,august_generator2026.xlsx,https://www.eia.gov/electricity/data/eia860m/xls/august_generator2026.xlsx,2026-10-08T17:54:58+00:00
55091,STK2,CS,Natural Gas Fired Combined Cycle,289.000,270.000,285.000,2000,,True,august_generator2026.xlsx,https://www.eia.gov/electricity/data/eia860m/xls/august_generator2026.xlsx,2026-10-08T17:54:58+00:00
55091,STK3,CS,Natural Gas Fired Combined Cycle,289.000,270.000,285.000,2000,,True,august_generator2026.xlsx,https://www.eia.gov/electricity/data/eia860m/xls/august_generator2026.xlsx,2026-10-08T17:54:58+00:00
55091,STK4,CS,Natural Gas Fired Combined Cycle,289.000,270.000,285.000,2000,,True,august_generator2026.xlsx,https://www.eia.gov/electricity/data/eia860m/xls/august_generator2026.xlsx,2026-10-08T17:54:58+00:00
55091,STK5,CS,Natural Gas Fired Combined Cycle,289.000,270.000,285.000,2001,,True,august_generator2026.xlsx,https://www.eia.gov/electricity/data/eia860m/xls/august_generator2026.xlsx,2026-10-08T17:54:58+00:00
55091,STK6,CS,Natural Gas Fired Combined Cycle,289.000,270.000,285.000,2001,,True,august_generator2026.xlsx,https://www.eia.gov/electricity/data/eia860m/xls/august_generator2026.xlsx,2026-10-08T17:54:58+00:00
55097,CTG1,CT,Natural Gas Fired Combined Cycle,176.000,158.000,186.000,2000,,True,august_generator2026.xlsx,https://www.eia.gov/electricity/data/eia860m/xls/august_generator2026.xlsx,2026-10-08T17:54:58+00:00
55097,CTG2,CT,Natural Gas Fired Combined Cycle,176.000,150.000,183.000,2000,,True,august_generator2026.xlsx,https://www.eia.gov/electricity/data/eia860m/xls/august_generator2026.xlsx,2026-10-08T17:54:58+00:00
55097,CTG3,CT,Natural Gas Fired Combined Cycle,176.000,160.000,186.000,2000,,True,august_generator2026.xlsx,https://www.eia.gov/electricity/data/eia860m/xls/august_generator2026.xlsx,2026-10-08T17:54:58+00:00
55097,CTG4,CT,Natural Gas Fired Combined Cycle,176.000,168.000,186.000,2000,,True,august_generator2026.xlsx,https://www.eia.gov/electricity/data/eia860m/xls/august_generator2026.xlsx,2026-10-08T17:54:58+00:00
55097,STG1,CA,Natural Gas Fired Combined Cycle,204.300,204.000,204.000,2000,,True,august_generator2026.xlsx,https://www.eia.gov/electricity/data/eia860m/xls/august_generator2026.xlsx,2026-10-08T17:54:58+00:00
55097,STG2,CA,Natural Gas Fired Combined Cycle,204.300,204.000,204.000,2000,,True,august_generator2026.xlsx,https://www.eia.gov/electricity/data/eia860m/xls/august_generator2026.xlsx,2026-10-08T17:54:58+00:00
55098,GEN1,CT,Natural Gas Fired Combined Cycle,172.000,177.000,185.000,1999,,True,august_generator2026.xlsx,https://www.eia.gov/electricity/data/eia860m/xls/august_generator2026.xlsx,2026-10-08T17:54:58+00:00
55098,GEN2,CT,Natural Gas Fired Combined Cycle,172.000,177.000,185.000,1999,,True,august_generator2026.xlsx,https://www.eia.gov/electricity/data/eia860m/xls/august_generator2026.xlsx,2026-10-08T17:54:58+00:00
55098,GEN3,CA,Natural Gas Fired Combined Cycle,185.000,181.000,189.000,2000,,True,august_generator2026.xlsx,https://www.eia.gov/electricity/data/eia860m/xls/august_generator2026.xlsx,2026-10-08T17:54:58+00:00
55123,CTG1,CT,Natural Gas Fired Combined Cycle,267.000,215.000,227.000,2002,,True,august_generator2026.xlsx,https://www.eia.gov/electricity/data/eia860m/xls/august_generator2026.xlsx,2026-10-08T17:54:58+00:00
55123,CTG2,CT,Natural Gas Fired Combined Cycle,267.000,215.000,227.000,2002,,True,august_generator2026.xlsx,https://www.eia.gov/electricity/data/eia860m/xls/august_generator2026.xlsx,2026-10-08T17:54:58+00:00
55123,STG,CA,Natural Gas Fired Combined Cycle,267.000,237.000,243.000,2002,,True,august_generator2026.xlsx,https://www.eia.gov/electricity/data/eia860m/xls/august_generator2026.xlsx,2026-10-08T17:54:58+00:00
55132,GTG1,CT,Natural Gas Fired Combined Cycle,183.200,157.000,179.000,2001,,True,august_generator2026.xlsx,https://www.eia.gov/electricity/data/eia860m/xls/august_generator2026.xlsx,2026-10-08T17:54:58+00:00
55132,GTG2,CT,Natural Gas Fired Combined Cycle,183.200,150.000,178.000,2001,,True,august_generator2026.xlsx,https://www.eia.gov/electricity/data/eia860m/xls/august_generator2026.xlsx,2026-10-08T17:54:58+00:00
55132,GTG3,CT,Natural Gas Fired Combined Cycle,183.200,138.000,162.000,2001,,True,august_generator2026.xlsx,https://www.eia.gov/electricity/data/eia860m/xls/august_generator2026.xlsx,2026-10-08T17:54:58+00:00
55132,STG1,CA,Natural Gas Fired Combined Cycle,390.000,381.000,402.000,2001,,True,august_generator2026.xlsx,https://www.eia.gov/electricity/data/eia860m/xls/august_generator2026.xlsx,2026-10-08T17:54:58+00:00
55137,CTG1,CT,Natural Gas Fired Combined Cycle,223.500,165.500,199.000,2002,,True,august_generator2026.xlsx,https://www.eia.gov/electricity/data/eia860m/xls/august_generator2026.xlsx,2026-10-08T17:54:58+00:00
55137,CTG2,CT,Natural Gas Fired Combined Cycle,222.000,165.500,199.000,2002,,True,august_generator2026.xlsx,https://www.eia.gov/electricity/data/eia860m/xls/august_generator2026.xlsx,2026-10-08T17:54:58+00:00
55137,CTG3,CT,Natural Gas Fired Combined Cycle,223.500,165.500,199.000,2002,,True,august_generator2026.xlsx,https://www.eia.gov/electricity/data/eia860m/xls/august_generator2026.xlsx,2026-10-08T17:54:58+00:00
55137,STG1,CA,Natural Gas Fired Combined Cycle,439.000,303.000,319.000,2002,,True,august_generator2026.xlsx,https://www.eia.gov/electricity/data/eia860m/xls/august_generator2026.xlsx,2026-10-08T17:54:58+00:00
55139,CTG1,CT,Natural Gas Fired Combined Cycle,243.900,245.000,255.000,2003,,True,august_generator2026.xlsx,https://www.eia.gov/electricity/data/eia860m/xls/august_generator2026.xlsx,2026-10-08T17:54:58+00:00
55139,CTG2,CT,Natural Gas Fired Combined Cycle,243.900,240.000,247.000,2003,,True,august_generator2026.xlsx,https://www.eia.gov/electricity/data/eia860m/xls/august_generator2026.xlsx,2026-10-08T17:54:58+00:00
55139,ST,CA,Natural Gas Fired Combined Cycle,300.600,271.000,273.000,2003,,True,august_generator2026.xlsx,https://www.eia.gov/electricity/data/eia860m/xls/august_generator2026.xlsx,2026-10-08T17:54:58+00:00
55144,U1,CS,Natural Gas Fired Combined Cycle,241.700,234.000,260.000,2002,,True,august_generator2026.xlsx,https://www.eia.gov/electricity/data/eia860m/xls/august_generator2026.xlsx,2026-10-08T17:54:58+00:00
55144,U2,CS,Natural Gas Fired Combined Cycle,241.700,232.000,261.000,2002,,True,august_generator2026.xlsx,https://www.eia.gov/electricity/data/eia860m/xls/august_generator2026.xlsx,2026-10-08T17:54:58+00:00
55144,U3,CS,Natural Gas Fired Combined Cycle,252.800,231.000,263.000,2002,,True,august_generator2026.xlsx,https://www.eia.gov/electricity/data/eia860m/xls/august_generator2026.xlsx,2026-10-08T17:54:58+00:00
55144,U4,CS,Natural Gas Fired Combined Cycle,252.800,234.000,264.000,2002,,True,august_generator2026.xlsx,https://www.eia.gov/electricity/data/eia860m/xls/august_generator2026.xlsx,2026-10-08T17:54:58+00:00
55153,CTG1,CT,Natural Gas Fired Combined Cycle,171.100,153.000,161.000,2000,,True,august_generator2026.xlsx,https://www.eia.gov/electricity/data/eia860m/xls/august_generator2026.xlsx,2026-10-08T17:54:58+00:00
55153,CTG2,CT,Natural Gas Fired Combined Cycle,171.100,153.000,161.000,2000,,True,august_generator2026.xlsx,https://www.eia.gov/electricity/data/eia860m/xls/august_generator2026.xlsx,2026-10-08T17:54:58+00:00
55153,CTG3,CT,Natural Gas Fired Combined Cycle,171.100,153.000,160.000,2000,,True,august_generator2026.xlsx,https://www.eia.gov/electricity/data/eia860m/xls/august_generator2026.xlsx,2026-10-08T17:54:58+00:00
55153,CTG4,CT,Natural Gas Fired Combined Cycle,171.100,153.000,160.000,2000,,True,august_generator2026.xlsx,https://www.eia.gov/electricity/data/eia860m/xls/august_generator2026.xlsx,2026-10-08T17:54:58+00:00
55153,STG1,CA,Natural Gas Fired Combined Cycle,201.900,196.000,200.000,2000,,True,august_generator2026.xlsx,https://www.eia.gov/electricity/data/eia860m/xls/august_generator2026.xlsx,2026-10-08T17:54:58+00:00
55153,STG2,CA,Natural Gas Fired Combined Cycle,201.900,197.000,200.000,2000,,True,august_generator2026.xlsx,https://www.eia.gov/electricity/data/eia860m/xls/august_generator2026.xlsx,2026-10-08T17:54:58+00:00
55154,CTA,CT,Natural Gas Fired Combined Cycle,202.500,169.000,178.000,2001,,True,august_generator2026.xlsx,https://www.eia.gov/electricity/data/eia860m/xls/august_generator2026.xlsx,2026-10-08T17:54:58+00:00
55154,CTB,CT,Natural Gas Fired Combined Cycle,202.500,169.000,178.000,2001,,True,august_generator2026.xlsx,https://www.eia.gov/electricity/data/eia860m/xls/august_generator2026.xlsx,2026-10-08T17:54:58+00:00
55154,ST,CA,Natural Gas Fired Combined Cycle,204.000,172.000,184.000,2001,,True,august_generator2026.xlsx,https://www.eia.gov/electricity/data/eia860m/xls/august_generator2026.xlsx,2026-10-08T17:54:58+00:00
55168,0001,CT,Natural Gas Fired Combined Cycle,188.200,171.000,188.000,2002,,True,august_generator2026.xlsx,https://www.eia.gov/electricity/data/eia860m/xls/august_generator2026.xlsx,2026-10-08T17:54:58+00:00
55168,0002,CT,Natural Gas Fired Combined Cycle,188.200,171.000,188.000,2002,,True,august_generator2026.xlsx,https://www.eia.gov/electricity/data/eia860m/xls/august_generator2026.xlsx,2026-10-08T17:54:58+00:00
55168,0003,CA,Natural Gas Fired Combined Cycle,242.300,233.000,234.000,2002,,True,august_generator2026.xlsx,https://www.eia.gov/electricity/data/eia860m/xls/august_generator2026.xlsx,2026-10-08T17:54:58+00:00
55172,GT-1,CT,Natural Gas Fired Combined Cycle,154.000,158.000,167.000,2000,,True,august_generator2026.xlsx,https://www.eia.gov/electricity/data/eia860m/xls/august_generator2026.xlsx,2026-10-08T17:54:58+00:00
55172,GT-2,CT,Natural Gas Fired Combined Cycle,154.000,158.000,167.000,2000,,True,august_generator2026.xlsx,https://www.eia.gov/electricity/data/eia860m/xls/august_generator2026.xlsx,2026-10-08T17:54:58+00:00
55172,GT-3,CT,Natural Gas Fired Combined Cycle,154.000,157.000,166.000,2001,,True,august_generator2026.xlsx,https://www.eia.gov/electricity/data/eia860m/xls/august_generator2026.xlsx,2026-10-08T17:54:58+00:00
55172,ST-4,CA,Natural Gas Fired Combined Cycle,95.000,82.000,84.000,2001,,True,august_generator2026.xlsx,https://www.eia.gov/electricity/data/eia860m/xls/august_generator2026.xlsx,2026-10-08T17:54:58+00:00
55172,ST-5,CA,Natural Gas Fired Combined Cycle,250.000,208.000,217.000,2010,,True,august_generator2026.xlsx,https://www.eia.gov/electricity/data/eia860m/xls/august_generator2026.xlsx,2026-10-08T17:54:58+00:00
55187,GT1,CT,Natural Gas Fired Combined Cycle,192.100,161.700,182.100,2002,,True,august_generator2026.xlsx,https://www.eia.gov/electricity/data/eia860m/xls/august_generator2026.xlsx,2026-10-08T17:54:58+00:00
55187,GT2,CT,Natural Gas Fired Combined Cycle,192.100,155.400,178.100,2002,,True,august_generator2026.xlsx,https://www.eia.gov/electricity/data/eia860m/xls/august_generator2026.xlsx,2026-10-08T17:54:58+00:00
55187,GT3,CT,Natural Gas Fired Combined Cycle,192.100,155.900,180.100,2002,,True,august_generator2026.xlsx,https://www.eia.gov/electricity/data/eia860m/xls/august_generator2026.xlsx,2026-10-08T17:54:58+00:00
55187,GT4,CT,Natural Gas Fired Combined Cycle,192.100,156.800,191.200,2001,,True,august_generator2026.xlsx,https://www.eia.gov/electricity/data/eia860m/xls/august_generator2026.xlsx,2026-10-08T17:54:58+00:00
55187,ST1,CA,Natural Gas Fired Combined Cycle,149.900,131.200,130.700,2002,,True,august_generator2026.xlsx,https://www.eia.gov/electricity/data/eia860m/xls/august_generator2026.xlsx,2026-10-08T17:54:58+00:00
55206,CT1,CT,Natural Gas Fired Combined Cycle,198.900,173.000,179.000,2002,,True,august_generator2026.xlsx,https://www.eia.gov/electricity/data/eia860m/xls/august_generator2026.xlsx,2026-10-08T17:54:58+00:00
55206,CT2,CT,Natural Gas Fired Combined Cycle,198.900,173.000,179.000,2002,,True,august_generator2026.xlsx,https://www.eia.gov/electricity/data/eia860m/xls/august_generator2026.xlsx,2026-10-08T17:54:58+00:00
55206,ST1,CA,Natural Gas Fired Combined Cycle,195.500,160.000,160.000,2002,,True,august_generator2026.xlsx,https://www.eia.gov/electricity/data/eia860m/xls/august_generator2026.xlsx,2026-10-08T17:54:58+00:00
55215,CTG1,CT,Natural Gas Fired Combined Cycle,176.000,166.700,195.200,2001,,True,august_generator2026.xlsx,https://www.eia.gov/electricity/data/eia860m/xls/august_generator2026.xlsx,2026-10-08T17:54:58+00:00
55215,CTG2,CT,Natural Gas Fired Combined Cycle,176.000,158.200,189.100,2001,,True,august_generator2026.xlsx,https://www.eia.gov/electricity/data/eia860m/xls/august_generator2026.xlsx,2026-10-08T17:54:58+00:00
55215,CTG3,CT,Natural Gas Fired Combined Cycle,176.000,166.700,195.200,2001,,True,august_generator2026.xlsx,https://www.eia.gov/electricity/data/eia860m/xls/august_generator2026.xlsx,2026-10-08T17:54:58+00:00
55215,CTG4,CT,Natural Gas Fired Combined Cycle,176.000,158.200,189.100,2001,,True,august_generator2026.xlsx,https://www.eia.gov/electricity/data/eia860m/xls/august_generator2026.xlsx,2026-10-08T17:54:58+00:00
55215,STG1,CA,Natural Gas Fired Combined Cycle,224.400,206.000,217.000,2001,,True,august_generator2026.xlsx,https://www.eia.gov/electricity/data/eia860m/xls/august_generator2026.xlsx,2026-10-08T17:54:58+00:00
55215,STG2,CA,Natural Gas Fired Combined Cycle,224.400,206.000,217.000,2001,,True,august_generator2026.xlsx,https://www.eia.gov/electricity/data/eia860m/xls/august_generator2026.xlsx,2026-10-08T17:54:58+00:00
55223,GT1,CT,Natural Gas Fired Combined Cycle,285.000,245.100,267.900,2002,,True,august_generator2026.xlsx,https://www.eia.gov/electricity/data/eia860m/xls/august_generator2026.xlsx,2026-10-08T17:54:58+00:00
55223,ST1,CA,Natural Gas Fired Combined Cycle,133.000,114.400,125.000,2002,,True,august_generator2026.xlsx,https://www.eia.gov/electricity/data/eia860m/xls/august_generator2026.xlsx,2026-10-08T17:54:58+00:00
55226,GT1,CT,Natural Gas Fired Combined Cycle,166.700,167.000,179.000,2002,,True,august_generator2026.xlsx,https://www.eia.gov/electricity/data/eia860m/xls/august_generator2026.xlsx,2026-10-08T17:54:58+00:00
55226,GT2,CT,Natural Gas Fired Combined Cycle,166.700,167.000,179.000,2002,,True,august_generator2026.xlsx,https://www.eia.gov/electricity/data/eia860m/xls/august_generator2026.xlsx,2026-10-08T17:54:58+00:00
55226,GT3,CT,Natural Gas Fired Combined Cycle,166.700,167.000,179.000,2002,,True,august_generator2026.xlsx,https://www.eia.gov/electricity/data/eia860m/xls/august_generator2026.xlsx,2026-10-08T17:54:58+00:00
55226,GT4,CT,Natural Gas Fired Combined Cycle,166.700,167.000,179.000,2002,,True,august_generator2026.xlsx,https://www.eia.gov/electricity/data/eia860m/xls/august_generator2026.xlsx,2026-10-08T17:54:58+00:00
55226,ST3,CA,Natural Gas Fired Combined Cycle,184.600,182.000,189.600,2002,,True,august_generator2026.xlsx,https://www.eia.gov/electricity/data/eia860m/xls/august_generator2026.xlsx,2026-10-08T17:54:58+00:00
55226,ST6,CA,Natural Gas Fired Combined Cycle,184.600,182.000,189.600,2002,,True,august_generator2026.xlsx,https://www.eia.gov/electricity/data/eia860m/xls/august_generator2026.xlsx,2026-10-08T17:54:58+00:00
55230,CT1,CT,Natural Gas Fired Combined Cycle,170.000,165.000,170.000,2006,,True,august_generator2026.xlsx,https://www.eia.gov/electricity/data/eia860m/xls/august_generator2026.xlsx,2026-10-08T17:54:58+00:00
55230,CT2,CT,Natural Gas Fired Combined Cycle,170.000,165.000,170.000,2006,,True,august_generator2026.xlsx,https://www.eia.gov/electricity/data/eia860m/xls/august_generator2026.xlsx,2026-10-08T17:54:58+00:00
55230,CT3,CT,Natural Gas Fired Combined Cycle,170.000,165.000,170.000,2011,,True,august_generator2026.xlsx,https://www.eia.gov/electricity/data/eia860m/xls/august_generator2026.xlsx,2026-10-08T17:54:58+00:00
55230,CT4,CT,Natural Gas Fired Combined Cycle,170.000,165.000,170.000,2011,,True,august_generator2026.xlsx,https://www.eia.gov/electricity/data/eia860m/xls/august_generator2026.xlsx,2026-10-08T17:54:58+00:00
55230,ST1,CA,Natural Gas Fired Combined Cycle,300.000,290.500,300.000,2006,,True,august_generator2026.xlsx,https://www.eia.gov/electricity/data/eia860m/xls/august_generator2026.xlsx,2026-10-08T17:54:58+00:00
55230,ST2,CA,Natural Gas Fired Combined Cycle,300.000,290.500,300.000,2011,,True,august_generator2026.xlsx,https://www.eia.gov/electricity/data/eia860m/xls/august_generator2026.xlsx,2026-10-08T17:54:58+00:00
55299,CTG1,CT,Natural Gas Fired Combined Cycle,215.000,173.000,183.000,2001,,True,august_generator2026.xlsx,https://www.eia.gov/electricity/data/eia860m/xls/august_generator2026.xlsx,2026-10-08T17:54:58+00:00
55299,CTG2,CT,Natural Gas Fired Combined Cycle,215.000,173.000,183.000,2002,,True,august_generator2026.xlsx,https://www.eia.gov/electricity/data/eia860m/xls/august_generator2026.xlsx,2026-10-08T17:54:58+00:00
55299,CTG3,CT,Natural Gas Fired Combined Cycle,208.800,173.000,183.000,2014,,True,august_generator2026.xlsx,https://www.eia.gov/electricity/data/eia860m/xls/august_generator2026.xlsx,2026-10-08T17:54:58+00:00
55299,ST-1,CA,Natural Gas Fired Combined Cycle,285.000,241.000,241.000,2002,,True,august_generator2026.xlsx,https://www.eia.gov/electricity/data/eia860m/xls/august_generator2026.xlsx,2026-10-08T17:54:58+00:00
55311,GEN1,GT,Natural Gas Fired Combustion Turbine,81.000,75.000,85.000,1999,,True,august_generator2026.xlsx,https://www.eia.gov/electricity/data/eia860m/xls/august_generator2026.xlsx,2026-10-08T17:54:58+00:00
55313,CTG1,CT,Natural Gas Fired Combined Cycle,170.100,155.000,179.000,1999,,True,august_generator2026.xlsx,https://www.eia.gov/electricity/data/eia860m/xls/august_generator2026.xlsx,2026-10-08T17:54:58+00:00
55313,CTG2,CT,Natural Gas Fired Combined Cycle,170.100,155.000,179.000,1999,,True,august_generator2026.xlsx,https://www.eia.gov/electricity/data/eia860m/xls/august_generator2026.xlsx,2026-10-08T17:54:58+00:00
55313,STG,CA,Natural Gas Fired Combined Cycle,176.800,150.000,150.000,1999,,True,august_generator2026.xlsx,https://www.eia.gov/electricity/data/eia860m/xls/august_generator2026.xlsx,2026-10-08T17:54:58+00:00
55320,GT1,CT,Natural Gas Fired Combined Cycle,261.000,245.000,261.000,2004,,True,august_generator2026.xlsx,https://www.eia.gov/electricity/data/eia860m/xls/august_generator2026.xlsx,2026-10-08T17:54:58+00:00
55320,GT2,CT,Natural Gas Fired Combined Cycle,261.000,245.000,261.000,2004,,True,august_generator2026.xlsx,https://www.eia.gov/electricity/data/eia860m/xls/august_generator2026.xlsx,2026-10-08T17:54:58+00:00
55320,ST1,CA,Natural Gas Fired Combined Cycle,299.700,245.000,260.000,2004,,True,august_generator2026.xlsx,https://www.eia.gov/electricity/data/eia860m/xls/august_generator2026.xlsx,2026-10-08T17:54:58+00:00
55327,CTG1,CT,Natural Gas Fired Combined Cycle,219.300,198.000,187.000,2002,,True,august_generator2026.xlsx,https://www.eia.gov/electricity/data/eia860m/xls/august_generator2026.xlsx,2026-10-08T17:54:58+00:00
55327,CTG2,CT,Natural Gas Fired Combined Cycle,219.300,198.000,187.000,2002,,True,august_generator2026.xlsx,https://www.eia.gov/electricity/data/eia860m/xls/august_generator2026.xlsx,2026-10-08T17:54:58+00:00
55327,CTG3,CT,Natural Gas Fired Combined Cycle,219.300,198.000,187.000,2002,,True,august_generator2026.xlsx,https://www.eia.gov/electricity/data/eia860m/xls/august_generator2026.xlsx,2026-10-08T17:54:58+00:00
55327,STG1,CA,Natural Gas Fired Combined Cycle,275.000,258.000,258.000,2002,,True,august_generator2026.xlsx,https://www.eia.gov/electricity/data/eia860m/xls/august_generator2026.xlsx,2026-10-08T17:54:58+00:00
55365,GT1,GT,Natural Gas Fired Combustion Turbine,59.000,36.000,38.000,2001,,True,august_generator2026.xlsx,https://www.eia.gov/electricity/data/eia860m/xls/august_generator2026.xlsx,2026-10-08T17:54:58+00:00
55365,GT2,GT,Natural Gas Fired Combustion Turbine,59.000,36.000,38.000,2001,,True,august_generator2026.xlsx,https://www.eia.gov/electricity/data/eia860m/xls/august_generator2026.xlsx,2026-10-08T17:54:58+00:00
55365,GT3,GT,Natural Gas Fired Combustion Turbine,59.000,36.000,38.000,2001,,True,august_generator2026.xlsx,https://www.eia.gov/electricity/data/eia860m/xls/august_generator2026.xlsx,2026-10-08T17:54:58+00:00
55365,GT4,GT,Natural Gas Fired Combustion Turbine,59.000,36.000,38.000,2001,,True,august_generator2026.xlsx,https://www.eia.gov/electricity/data/eia860m/xls/august_generator2026.xlsx,2026-10-08T17:54:58+00:00
55464,CTG1,CT,Natural Gas Fired Combined Cycle,180.000,182.000,191.000,2003,,True,august_generator2026.xlsx,https://www.eia.gov/electricity/data/eia860m/xls/august_generator2026.xlsx,2026-10-08T17:54:58+00:00
55464,CTG2,CT,Natural Gas Fired Combined Cycle,180.000,182.000,191.000,2003,,True,august_generator2026.xlsx,https://www.eia.gov/electricity/data/eia860m/xls/august_generator2026.xlsx,2026-10-08T17:54:58+00:00
55464,CTG3,CT,Natural Gas Fired Combined Cycle,180.000,182.000,191.000,2004,,True,august_generator2026.xlsx,https://www.eia.gov/electricity/data/eia860m/xls/august_generator2026.xlsx,2026-10-08T17:54:58+00:00
55464,CTG4,CT,Natural Gas Fired Combined Cycle,180.000,182.000,191.000,2004,,True,august_generator2026.xlsx,https://www.eia.gov/electricity/data/eia860m/xls/august_generator2026.xlsx,2026-10-08T17:54:58+00:00
55464,CTG6,CT,Natural Gas Fired Combined Cycle,180.000,182.000,191.000,2014,,True,august_generator2026.xlsx,https://www.eia.gov/electricity/data/eia860m/xls/august_generator2026.xlsx,2026-10-08T17:54:58+00:00
55464,STG1,CA,Natural Gas Fired Combined Cycle,276.000,282.000,282.000,2004,,True,august_generator2026.xlsx,https://www.eia.gov/electricity/data/eia860m/xls/august_generator2026.xlsx,2026-10-08T17:54:58+00:00
55470,ST1,CA,Natural Gas Fired Combined Cycle,110.000,75.000,75.000,2003,,True,august_generator2026.xlsx,https://www.eia.gov/electricity/data/eia860m/xls/august_generator2026.xlsx,2026-10-08T17:54:58+00:00
55470,ST805,CA,Natural Gas Fired Combined Cycle,250.000,75.000,75.000,2009,,True,august_generator2026.xlsx,https://www.eia.gov/electricity/data/eia860m/xls/august_generator2026.xlsx,2026-10-08T17:54:58+00:00
55470,TR1,CT,Natural Gas Fired Combined Cycle,167.000,158.000,165.000,2003,,True,august_generator2026.xlsx,https://www.eia.gov/electricity/data/eia860m/xls/august_generator2026.xlsx,2026-10-08T17:54:58+00:00
55470,TR2,CT,Natural Gas Fired Combined Cycle,167.000,158.000,165.000,2003,,True,august_generator2026.xlsx,https://www.eia.gov/electricity/data/eia860m/xls/august_generator2026.xlsx,2026-10-08T17:54:58+00:00
55470,TR3,CT,Natural Gas Fired Combined Cycle,167.000,158.000,165.000,2003,,True,august_generator2026.xlsx,https://www.eia.gov/electricity/data/eia860m/xls/august_generator2026.xlsx,2026-10-08T17:54:58+00:00
55480,ST1,CA,Natural Gas Fired Combined Cycle,382.500,406.000,418.000,2003,,True,august_generator2026.xlsx,https://www.eia.gov/electricity/data/eia860m/xls/august_generator2026.xlsx,2026-10-08T17:54:58+00:00
55480,ST2,CA,Natural Gas Fired Combined Cycle,382.500,406.000,418.000,2003,,True,august_generator2026.xlsx,https://www.eia.gov/electricity/data/eia860m/xls/august_generator2026.xlsx,2026-10-08T17:54:58+00:00
55480,U1,CT,Natural Gas Fired Combined Cycle,188.200,165.000,195.000,2003,,True,august_generator2026.xlsx,https://www.eia.gov/electricity/data/eia860m/xls/august_generator2026.xlsx,2026-10-08T17:54:58+00:00
55480,U2,CT,Natural Gas Fired Combined Cycle,188.200,157.000,185.000,2003,,True,august_generator2026.xlsx,https://www.eia.gov/electricity/data/eia860m/xls/august_generator2026.xlsx,2026-10-08T17:54:58+00:00
55480,U3,CT,Natural Gas Fired Combined Cycle,188.200,157.000,185.000,2003,,True,august_generator2026.xlsx,https://www.eia.gov/electricity/data/eia860m/xls/august_generator2026.xlsx,2026-10-08T17:54:58+00:00
55480,U4,CT,Natural Gas Fired Combined Cycle,188.200,165.000,195.000,2003,,True,august_generator2026.xlsx,https://www.eia.gov/electricity/data/eia860m/xls/august_generator2026.xlsx,2026-10-08T17:54:58+00:00
55480,U5,CT,Natural Gas Fired Combined Cycle,188.200,157.000,185.000,2003,,True,august_generator2026.xlsx,https://www.eia.gov/electricity/data/eia860m/xls/august_generator2026.xlsx,2026-10-08T17:54:58+00:00
55480,U6,CT,Natural Gas Fired Combined Cycle,188.200,157.000,185.000,2003,,True,august_generator2026.xlsx,https://www.eia.gov/electricity/data/eia860m/xls/august_generator2026.xlsx,2026-10-08T17:54:58+00:00
55501,CTG1,CT,Natural Gas Fired Combined Cycle,183.900,148.000,185.000,2003,,False,august_generator2026.xlsx,https://www.eia.gov/electricity/data/eia860m/xls/august_generator2026.xlsx,2026-10-08T17:54:58+00:00
55501,CTG2,CT,Natural Gas Fired Combined Cycle,183.900,153.000,185.000,2003,,False,august_generator2026.xlsx,https://www.eia.gov/electricity/data/eia860m/xls/august_generator2026.xlsx,2026-10-08T17:54:58+00:00
55501,CTG3,CT,Natural Gas Fired Combined Cycle,183.900,150.000,185.000,2003,,False,august_generator2026.xlsx,https://www.eia.gov/electricity/data/eia860m/xls/august_generator2026.xlsx,2026-10-08T17:54:58+00:00
55501,CTG4,CT,Natural Gas Fired Combined Cycle,183.900,152.000,185.000,2003,,False,august_generator2026.xlsx,https://www.eia.gov/electricity/data/eia860m/xls/august_generator2026.xlsx,2026-10-08T17:54:58+00:00
55501,STG1,CA,Natural Gas Fired Combined Cycle,317.200,310.000,330.000,2003,,False,august_generator2026.xlsx,https://www.eia.gov/electricity/data/eia860m/xls/august_generator2026.xlsx,2026-10-08T17:54:58+00:00
55501,STG2,CA,Natural Gas Fired Combined Cycle,317.200,311.000,330.000,2003,,False,august_generator2026.xlsx,https://www.eia.gov/electricity/data/eia860m/xls/august_generator2026.xlsx,2026-10-08T17:54:58+00:00
55545,CTG1,CT,Natural Gas Fired Combined Cycle,176.600,159.000,178.000,2000,,True,august_generator2026.xlsx,https://www.eia.gov/electricity/data/eia860m/xls/august_generator2026.xlsx,2026-10-08T17:54:58+00:00
55545,CTG2,CT,Natural Gas Fired Combined Cycle,176.600,159.000,178.000,2000,,True,august_generator2026.xlsx,https://www.eia.gov/electricity/data/eia860m/xls/august_generator2026.xlsx,2026-10-08T17:54:58+00:00
55545,STG1,CA,Natural Gas Fired Combined Cycle,198.100,177.000,187.000,2000,,True,august_generator2026.xlsx,https://www.eia.gov/electricity/data/eia860m/xls/august_generator2026.xlsx,2026-10-08T17:54:58+00:00
56152,CTG1,CT,Natural Gas Fired Combined Cycle,180.000,169.400,188.700,2007,,True,august_generator2026.xlsx,https://www.eia.gov/electricity/data/eia860m/xls/august_generator2026.xlsx,2026-10-08T17:54:58+00:00
56152,STG1,CA,Natural Gas Fired Combined Cycle,80.000,50.000,70.000,2007,,True,august_generator2026.xlsx,https://www.eia.gov/electricity/data/eia860m/xls/august_generator2026.xlsx,2026-10-08T17:54:58+00:00
56233,CT02,CT,Natural Gas Fired Combined Cycle,60.500,42.000,45.000,2005,,True,august_generator2026.xlsx,https://www.eia.gov/electricity/data/eia860m/xls/august_generator2026.xlsx,2026-10-08T17:54:58+00:00
56233,CTG1,CT,Natural Gas Fired Combined Cycle,60.500,42.000,45.000,2005,,True,august_generator2026.xlsx,https://www.eia.gov/electricity/data/eia860m/xls/august_generator2026.xlsx,2026-10-08T17:54:58+00:00
56233,STG,CA,Natural Gas Fired Combined Cycle,32.900,16.000,16.000,2005,,True,august_generator2026.xlsx,https://www.eia.gov/electricity/data/eia860m/xls/august_generator2026.xlsx,2026-10-08T17:54:58+00:00
56349,CT1A,CT,Natural Gas Fired Combined Cycle,90.600,70.000,84.000,2007,,True,august_generator2026.xlsx,https://www.eia.gov/electricity/data/eia860m/xls/august_generator2026.xlsx,2026-10-08T17:54:58+00:00
56349,CT1B,CT,Natural Gas Fired Combined Cycle,90.600,70.000,84.000,2007,,True,august_generator2026.xlsx,https://www.eia.gov/electricity/data/eia860m/xls/august_generator2026.xlsx,2026-10-08T17:54:58+00:00
56349,CT2A,CT,Natural Gas Fired Combined Cycle,86.500,68.000,84.000,2002,,True,august_generator2026.xlsx,https://www.eia.gov/electricity/data/eia860m/xls/august_generator2026.xlsx,2026-10-08T17:54:58+00:00
56349,CT2B,CT,Natural Gas Fired Combined Cycle,86.500,68.000,84.000,2002,,True,august_generator2026.xlsx,https://www.eia.gov/electricity/data/eia860m/xls/august_generator2026.xlsx,2026-10-08T17:54:58+00:00
56349,ST1,CA,Natural Gas Fired Combined Cycle,98.100,98.100,98.100,2007,,True,august_generator2026.xlsx,https://www.eia.gov/electricity/data/eia860m/xls/august_generator2026.xlsx,2026-10-08T17:54:58+00:00
56349,ST2,CA,Natural Gas Fired Combined Cycle,98.100,98.100,98.100,2008,,True,august_generator2026.xlsx,https://www.eia.gov/electricity/data/eia860m/xls/august_generator2026.xlsx,2026-10-08T17:54:58+00:00
56350,CT1A,CT,Natural Gas Fired Combined Cycle,90.000,85.000,85.000,2002,,True,august_generator2026.xlsx,https://www.eia.gov/electricity/data/eia860m/xls/august_generator2026.xlsx,2026-10-08T17:54:58+00:00
56350,CT1B,CT,Natural Gas Fired Combined Cycle,90.000,85.000,85.000,2002,,True,august_generator2026.xlsx,https://www.eia.gov/electricity/data/eia860m/xls/august_generator2026.xlsx,2026-10-08T17:54:58+00:00
56350,CT2A,CT,Natural Gas Fired Combined Cycle,90.000,85.000,85.000,2002,,True,august_generator2026.xlsx,https://www.eia.gov/electricity/data/eia860m/xls/august_generator2026.xlsx,2026-10-08T17:54:58+00:00
56350,CT2B,CT,Natural Gas Fired Combined Cycle,90.000,85.000,85.000,2002,,True,august_generator2026.xlsx,https://www.eia.gov/electricity/data/eia860m/xls/august_generator2026.xlsx,2026-10-08T17:54:58+00:00
56350,CT4A,GT,Natural Gas Fired Combustion Turbine,37.000,31.000,31.000,2023,,True,august_generator2026.xlsx,https://www.eia.gov/electricity/data/eia860m/xls/august_generator2026.xlsx,2026-10-08T17:54:58+00:00
56350,CT4B,GT,Natural Gas Fired Combustion Turbine,37.000,31.000,31.000,2023,,True,august_generator2026.xlsx,https://www.eia.gov/electricity/data/eia860m/xls/august_generator2026.xlsx,2026-10-08T17:54:58+00:00
56350,ST1,CA,Natural Gas Fired Combined Cycle,105.100,103.000,103.000,2007,,True,august_generator2026.xlsx,https://www.eia.gov/electricity/data/eia860m/xls/august_generator2026.xlsx,2026-10-08T17:54:58+00:00
56350,ST2,CA,Natural Gas Fired Combined Cycle,115.000,103.000,103.000,2008,,True,august_generator2026.xlsx,https://www.eia.gov/electricity/data/eia860m/xls/august_generator2026.xlsx,2026-10-08T17:54:58+00:00
56374,CT1,GT,Natural Gas Fired Combustion Turbine,4.600,3.700,4.600,2006,,True,august_generator2026.xlsx,https://www.eia.gov/electricity/data/eia860m/xls/august_generator2026.xlsx,2026-10-08T17:54:58+00:00
56674,CGT1,GT,Natural Gas Fired Combustion Turbine,60.500,44.000,46.000,2010,,True,august_generator2026.xlsx,https://www.eia.gov/electricity/data/eia860m/xls/august_generator2026.xlsx,2026-10-08T17:54:58+00:00
56674,CGT2,GT,Natural Gas Fired Combustion Turbine,60.500,44.000,46.000,2010,,True,august_generator2026.xlsx,https://www.eia.gov/electricity/data/eia860m/xls/august_generator2026.xlsx,2026-10-08T17:54:58+00:00
56674,CGT3,GT,Natural Gas Fired Combustion Turbine,60.500,44.000,46.000,2010,,True,august_generator2026.xlsx,https://www.eia.gov/electricity/data/eia860m/xls/august_generator2026.xlsx,2026-10-08T17:54:58+00:00
56674,CGT4,GT,Natural Gas Fired Combustion Turbine,60.500,44.000,46.000,2010,,True,august_generator2026.xlsx,https://www.eia.gov/electricity/data/eia860m/xls/august_generator2026.xlsx,2026-10-08T17:54:58+00:00
56708,G2101,ST,Natural Gas Steam Turbine,155.000,143.100,143.100,2012,,True,august_generator2026.xlsx,https://www.eia.gov/electricity/data/eia860m/xls/august_generator2026.xlsx,2026-10-08T17:54:58+00:00
56708,G2201,ST,Natural Gas Steam Turbine,155.000,143.100,143.100,2012,,True,august_generator2026.xlsx,https://www.eia.gov/electricity/data/eia860m/xls/august_generator2026.xlsx,2026-10-08T17:54:58+00:00
56806,4,CA,Natural Gas Fired Combined Cycle,178.500,178.000,186.000,2009,,True,august_generator2026.xlsx,https://www.eia.gov/electricity/data/eia860m/xls/august_generator2026.xlsx,2026-10-08T17:54:58+00:00
56806,41,CT,Natural Gas Fired Combined Cycle,178.500,163.000,173.000,2009,,True,august_generator2026.xlsx,https://www.eia.gov/electricity/data/eia860m/xls/august_generator2026.xlsx,2026-10-08T17:54:58+00:00
56806,42,CT,Natural Gas Fired Combined Cycle,178.500,163.000,173.000,2009,,True,august_generator2026.xlsx,https://www.eia.gov/electricity/data/eia860m/xls/august_generator2026.xlsx,2026-10-08T17:54:58+00:00
57322,GT01,GT,Natural Gas Fired Combustion Turbine,15.000,12.300,15.000,2009,,True,august_generator2026.xlsx,https://www.eia.gov/electricity/data/eia860m/xls/august_generator2026.xlsx,2026-10-08T17:54:58+00:00
57504,CHP1,GT,Natural Gas Fired Combustion Turbine,48.000,47.000,47.000,2010,,True,august_generator2026.xlsx,https://www.eia.gov/electricity/data/eia860m/xls/august_generator2026.xlsx,2026-10-08T17:54:58+00:00
57504,GTG2,GT,Natural Gas Fired Combustion Turbine,50.000,50.000,50.000,2024,,True,august_generator2026.xlsx,https://www.eia.gov/electricity/data/eia860m/xls/august_generator2026.xlsx,2026-10-08T17:54:58+00:00
58001,CTG-1,CT,Natural Gas Fired Combined Cycle,232.000,232.000,232.000,2014,,True,august_generator2026.xlsx,https://www.eia.gov/electricity/data/eia860m/xls/august_generator2026.xlsx,2026-10-08T17:54:58+00:00
58001,CTG-2,CT,Natural Gas Fired Combined Cycle,232.000,232.000,232.000,2014,,True,august_generator2026.xlsx,https://www.eia.gov/electricity/data/eia860m/xls/august_generator2026.xlsx,2026-10-08T17:54:58+00:00
58001,CTG-3,CT,Natural Gas Fired Combined Cycle,232.000,232.000,232.000,2015,,True,august_generator2026.xlsx,https://www.eia.gov/electricity/data/eia860m/xls/august_generator2026.xlsx,2026-10-08T17:54:58+00:00
58001,CTG-4,CT,Natural Gas Fired Combined Cycle,232.000,232.000,232.000,2015,,True,august_generator2026.xlsx,https://www.eia.gov/electricity/data/eia860m/xls/august_generator2026.xlsx,2026-10-08T17:54:58+00:00
58001,STG-1,CA,Natural Gas Fired Combined Cycle,339.200,326.000,326.000,2014,,True,august_generator2026.xlsx,https://www.eia.gov/electricity/data/eia860m/xls/august_generator2026.xlsx,2026-10-08T17:54:58+00:00
58001,STG-2,CA,Natural Gas Fired Combined Cycle,339.200,326.000,326.000,2015,,True,august_generator2026.xlsx,https://www.eia.gov/electricity/data/eia860m/xls/august_generator2026.xlsx,2026-10-08T17:54:58+00:00
58005,CTG-1,CT,Natural Gas Fired Combined Cycle,232.000,199.000,224.000,2014,,True,august_generator2026.xlsx,https://www.eia.gov/electricity/data/eia860m/xls/august_generator2026.xlsx,2026-10-08T17:54:58+00:00
58005,CTG-2,CT,Natural Gas Fired Combined Cycle,232.000,199.000,224.000,2014,,True,august_generator2026.xlsx,https://www.eia.gov/electricity/data/eia860m/xls/august_generator2026.xlsx,2026-10-08T17:54:58+00:00
58005,STG-1,CA,Natural Gas Fired Combined Cycle,339.200,287.000,316.000,2014,,True,august_generator2026.xlsx,https://www.eia.gov/electricity/data/eia860m/xls/august_generator2026.xlsx,2026-10-08T17:54:58+00:00
58151,GTG01,CT,Natural Gas Fired Combined Cycle,34.100,32.400,34.100,2011,,True,august_generator2026.xlsx,https://www.eia.gov/electricity/data/eia860m/xls/august_generator2026.xlsx,2026-10-08T17:54:58+00:00
58151,STG02,CA,Natural Gas Fired Combined Cycle,11.000,11.000,11.000,2011,,True,august_generator2026.xlsx,https://www.eia.gov/electricity/data/eia860m/xls/august_generator2026.xlsx,2026-10-08T17:54:58+00:00
58378,GT2,GT,Natural Gas Fired Combustion Turbine,82.200,41.000,56.000,2013,,True,august_generator2026.xlsx,https://www.eia.gov/electricity/data/eia860m/xls/august_generator2026.xlsx,2026-10-08T17:54:58+00:00
58471,CTG1,GT,Natural Gas Fired Combustion Turbine,179.400,160.000,168.000,2015,,True,august_generator2026.xlsx,https://www.eia.gov/electricity/data/eia860m/xls/august_generator2026.xlsx,2026-10-08T17:54:58+00:00
58471,CTG2,GT,Natural Gas Fired Combustion Turbine,179.400,160.000,168.000,2015,,True,august_generator2026.xlsx,https://www.eia.gov/electricity/data/eia860m/xls/august_generator2026.xlsx,2026-10-08T17:54:58+00:00
59145,65GTG,GT,Natural Gas Fired Combustion Turbine,87.000,70.000,87.000,2019,,True,august_generator2026.xlsx,https://www.eia.gov/electricity/data/eia860m/xls/august_generator2026.xlsx,2026-10-08T17:54:58+00:00
59381,GT-1,GT,Natural Gas Fired Combustion Turbine,5.000,3.000,4.000,2010,,True,august_generator2026.xlsx,https://www.eia.gov/electricity/data/eia860m/xls/august_generator2026.xlsx,2026-10-08T17:54:58+00:00
59391,ENG01,IC,Natural Gas Internal Combustion Engine,18.700,18.300,18.300,2016,,True,august_generator2026.xlsx,https://www.eia.gov/electricity/data/eia860m/xls/august_generator2026.xlsx,2026-10-08T17:54:58+00:00
59391,ENG02,IC,Natural Gas Internal Combustion Engine,18.700,18.300,18.300,2016,,True,august_generator2026.xlsx,https://www.eia.gov/electricity/data/eia860m/xls/august_generator2026.xlsx,2026-10-08T17:54:58+00:00
59391,ENG03,IC,Natural Gas Internal Combustion Engine,18.700,18.300,18.300,2016,,True,august_generator2026.xlsx,https://www.eia.gov/electricity/data/eia860m/xls/august_generator2026.xlsx,2026-10-08T17:54:58+00:00
59391,ENG04,IC,Natural Gas Internal Combustion Engine,18.700,18.300,18.300,2016,,True,august_generator2026.xlsx,https://www.eia.gov/electricity/data/eia860m/xls/august_generator2026.xlsx,2026-10-08T17:54:58+00:00
59391,ENG05,IC,Natural Gas Internal Combustion Engine,18.700,18.300,18.300,2016,,True,august_generator2026.xlsx,https://www.eia.gov/electricity/data/eia860m/xls/august_generator2026.xlsx,2026-10-08T17:54:58+00:00
59391,ENG06,IC,Natural Gas Internal Combustion Engine,18.700,18.300,18.300,2016,,True,august_generator2026.xlsx,https://www.eia.gov/electricity/data/eia860m/xls/august_generator2026.xlsx,2026-10-08T17:54:58+00:00
59391,ENG07,IC,Natural Gas Internal Combustion Engine,18.700,18.300,18.300,2016,,True,august_generator2026.xlsx,https://www.eia.gov/electricity/data/eia860m/xls/august_generator2026.xlsx,2026-10-08T17:54:58+00:00
59391,ENG08,IC,Natural Gas Internal Combustion Engine,18.700,18.300,18.300,2016,,True,august_generator2026.xlsx,https://www.eia.gov/electricity/data/eia860m/xls/august_generator2026.xlsx,2026-10-08T17:54:58+00:00
59391,ENG09,IC,Natural Gas Internal Combustion Engine,18.700,18.300,18.300,2016,,True,august_generator2026.xlsx,https://www.eia.gov/electricity/data/eia860m/xls/august_generator2026.xlsx,2026-10-08T17:54:58+00:00
59391,ENG10,IC,Natural Gas Internal Combustion Engine,18.700,18.300,18.300,2016,,True,august_generator2026.xlsx,https://www.eia.gov/electricity/data/eia860m/xls/august_generator2026.xlsx,2026-10-08T17:54:58+00:00
59391,ENG11,IC,Natural Gas Internal Combustion Engine,18.700,18.300,18.300,2016,,True,august_generator2026.xlsx,https://www.eia.gov/electricity/data/eia860m/xls/august_generator2026.xlsx,2026-10-08T17:54:58+00:00
59391,ENG12,IC,Natural Gas Internal Combustion Engine,18.700,18.300,18.300,2016,,True,august_generator2026.xlsx,https://www.eia.gov/electricity/data/eia860m/xls/august_generator2026.xlsx,2026-10-08T17:54:58+00:00
59812,CGT4,CT,Natural Gas Fired Combined Cycle,360.000,327.800,353.300,2017,,True,august_generator2026.xlsx,https://www.eia.gov/electricity/data/eia860m/xls/august_generator2026.xlsx,2026-10-08T17:54:58+00:00
59812,CGT5,CT,Natural Gas Fired Combined Cycle,360.000,329.300,354.600,2017,,True,august_generator2026.xlsx,https://www.eia.gov/electricity/data/eia860m/xls/august_generator2026.xlsx,2026-10-08T17:54:58+00:00
59812,STG6,CA,Natural Gas Fired Combined Cycle,511.200,446.300,473.100,2017,,True,august_generator2026.xlsx,https://www.eia.gov/electricity/data/eia860m/xls/august_generator2026.xlsx,2026-10-08T17:54:58+00:00
59938,UNIT1,IC,Natural Gas Internal Combustion Engine,8.500,8.300,8.400,2016,,True,august_generator2026.xlsx,https://www.eia.gov/electricity/data/eia860m/xls/august_generator2026.xlsx,2026-10-08T17:54:58+00:00
59938,UNIT2,IC,Natural Gas Internal Combustion Engine,8.500,8.300,8.400,2016,,True,august_generator2026.xlsx,https://www.eia.gov/electricity/data/eia860m/xls/august_generator2026.xlsx,2026-10-08T17:54:58+00:00
59938,UNIT3,IC,Natural Gas Internal Combustion Engine,8.500,8.300,8.400,2016,,True,august_generator2026.xlsx,https://www.eia.gov/electricity/data/eia860m/xls/august_generator2026.xlsx,2026-10-08T17:54:58+00:00
59938,UNIT4,IC,Natural Gas Internal Combustion Engine,8.500,8.300,8.400,2016,,True,august_generator2026.xlsx,https://www.eia.gov/electricity/data/eia860m/xls/august_generator2026.xlsx,2026-10-08T17:54:58+00:00
59938,UNIT5,IC,Natural Gas Internal Combustion Engine,8.500,8.300,8.400,2016,,True,august_generator2026.xlsx,https://www.eia.gov/electricity/data/eia860m/xls/august_generator2026.xlsx,2026-10-08T17:54:58+00:00
59938,UNIT6,IC,Natural Gas Internal Combustion Engine,8.500,8.300,8.400,2016,,True,august_generator2026.xlsx,https://www.eia.gov/electricity/data/eia860m/xls/august_generator2026.xlsx,2026-10-08T17:54:58+00:00
60122,CT7,CT,Natural Gas Fired Combined Cycle,360.900,329.300,360.200,2017,,True,august_generator2026.xlsx,https://www.eia.gov/electricity/data/eia860m/xls/august_generator2026.xlsx,2026-10-08T17:54:58+00:00
60122,CT8,CT,Natural Gas Fired Combined Cycle,360.900,335.000,359.600,2017,,True,august_generator2026.xlsx,https://www.eia.gov/electricity/data/eia860m/xls/august_generator2026.xlsx,2026-10-08T17:54:58+00:00
60122,STG9,CA,Natural Gas Fired Combined Cycle,508.500,478.400,490.500,2017,,True,august_generator2026.xlsx,https://www.eia.gov/electricity/data/eia860m/xls/august_generator2026.xlsx,2026-10-08T17:54:58+00:00
60264,BCGT1,GT,Natural Gas Fired Combustion Turbine,71.200,54.000,60.000,2018,,True,august_generator2026.xlsx,https://www.eia.gov/electricity/data/eia860m/xls/august_generator2026.xlsx,2026-10-08T17:54:58+00:00
60264,BCGT2,GT,Natural Gas Fired Combustion Turbine,71.200,54.000,60.000,2018,,True,august_generator2026.xlsx,https://www.eia.gov/electricity/data/eia860m/xls/august_generator2026.xlsx,2026-10-08T17:54:58+00:00
60264,BCGT3,GT,Natural Gas Fired Combustion Turbine,71.200,54.000,60.000,2018,,True,august_generator2026.xlsx,https://www.eia.gov/electricity/data/eia860m/xls/august_generator2026.xlsx,2026-10-08T17:54:58+00:00
60264,BCGT4,GT,Natural Gas Fired Combustion Turbine,71.200,54.000,60.000,2018,,True,august_generator2026.xlsx,https://www.eia.gov/electricity/data/eia860m/xls/august_generator2026.xlsx,2026-10-08T17:54:58+00:00
60264,BCGT5,GT,Natural Gas Fired Combustion Turbine,71.200,54.000,60.000,2018,,True,august_generator2026.xlsx,https://www.eia.gov/electricity/data/eia860m/xls/august_generator2026.xlsx,2026-10-08T17:54:58+00:00
60264,BCGT6,GT,Natural Gas Fired Combustion Turbine,71.200,54.000,60.000,2018,,True,august_generator2026.xlsx,https://www.eia.gov/electricity/data/eia860m/xls/august_generator2026.xlsx,2026-10-08T17:54:58+00:00
60459,PC1,GT,Natural Gas Fired Combustion Turbine,60.500,42.000,46.000,2017,,True,august_generator2026.xlsx,https://www.eia.gov/electricity/data/eia860m/xls/august_generator2026.xlsx,2026-10-08T17:54:58+00:00
60459,PC2,GT,Natural Gas Fired Combustion Turbine,60.500,42.000,46.000,2017,,True,august_generator2026.xlsx,https://www.eia.gov/electricity/data/eia860m/xls/august_generator2026.xlsx,2026-10-08T17:54:58+00:00
60460,CH1,GT,Natural Gas Fired Combustion Turbine,60.500,46.000,46.000,2017,,True,august_generator2026.xlsx,https://www.eia.gov/electricity/data/eia860m/xls/august_generator2026.xlsx,2026-10-08T17:54:58+00:00
60460,CH2,GT,Natural Gas Fired Combustion Turbine,60.500,46.000,46.000,2017,,True,august_generator2026.xlsx,https://www.eia.gov/electricity/data/eia860m/xls/august_generator2026.xlsx,2026-10-08T17:54:58+00:00
60468,GT-1,GT,Natural Gas Fired Combustion Turbine,121.500,126.000,141.000,2018,,True,august_generator2026.xlsx,https://www.eia.gov/electricity/data/eia860m/xls/august_generator2026.xlsx,2026-10-08T17:54:58+00:00
60468,GT-2,GT,Natural Gas Fired Combustion Turbine,47.900,42.000,47.000,2026,,True,august_generator2026.xlsx,https://www.eia.gov/electricity/data/eia860m/xls/august_generator2026.xlsx,2026-10-08T17:54:58+00:00
60468,GT-3,GT,Natural Gas Fired Combustion Turbine,47.900,42.000,47.000,2026,,True,august_generator2026.xlsx,https://www.eia.gov/electricity/data/eia860m/xls/august_generator2026.xlsx,2026-10-08T17:54:58+00:00
60468,GT-4,GT,Natural Gas Fired Combustion Turbine,47.900,42.000,47.000,2026,,True,august_generator2026.xlsx,https://www.eia.gov/electricity/data/eia860m/xls/august_generator2026.xlsx,2026-10-08T17:54:58+00:00
61241,VC-1,GT,Natural Gas Fired Combustion Turbine,50.000,43.000,48.000,2020,,True,august_generator2026.xlsx,https://www.eia.gov/electricity/data/eia860m/xls/august_generator2026.xlsx,2026-10-08T17:54:58+00:00
61241,VC-2,GT,Natural Gas Fired Combustion Turbine,50.000,43.000,48.000,2020,,True,august_generator2026.xlsx,https://www.eia.gov/electricity/data/eia860m/xls/august_generator2026.xlsx,2026-10-08T17:54:58+00:00
61242,VP-1,GT,Natural Gas Fired Combustion Turbine,50.000,43.000,48.000,2019,,True,august_generator2026.xlsx,https://www.eia.gov/electricity/data/eia860m/xls/august_generator2026.xlsx,2026-10-08T17:54:58+00:00
61242,VP-2,GT,Natural Gas Fired Combustion Turbine,50.000,43.000,48.000,2019,,True,august_generator2026.xlsx,https://www.eia.gov/electricity/data/eia860m/xls/august_generator2026.xlsx,2026-10-08T17:54:58+00:00
61643,DEC1,IC,Natural Gas Internal Combustion Engine,18.800,18.800,18.800,2018,,True,august_generator2026.xlsx,https://www.eia.gov/electricity/data/eia860m/xls/august_generator2026.xlsx,2026-10-08T17:54:58+00:00
61643,DEC10,IC,Natural Gas Internal Combustion Engine,18.800,18.800,18.800,2018,,True,august_generator2026.xlsx,https://www.eia.gov/electricity/data/eia860m/xls/august_generator2026.xlsx,2026-10-08T17:54:58+00:00
61643,DEC11,IC,Natural Gas Internal Combustion Engine,18.800,18.800,18.800,2018,,True,august_generator2026.xlsx,https://www.eia.gov/electricity/data/eia860m/xls/august_generator2026.xlsx,2026-10-08T17:54:58+00:00
61643,DEC12,IC,Natural Gas Internal Combustion Engine,18.800,18.800,18.800,2018,,True,august_generator2026.xlsx,https://www.eia.gov/electricity/data/eia860m/xls/august_generator2026.xlsx,2026-10-08T17:54:58+00:00
61643,DEC2,IC,Natural Gas Internal Combustion Engine,18.800,18.800,18.800,2018,,True,august_generator2026.xlsx,https://www.eia.gov/electricity/data/eia860m/xls/august_generator2026.xlsx,2026-10-08T17:54:58+00:00
61643,DEC3,IC,Natural Gas Internal Combustion Engine,18.800,18.800,18.800,2018,,True,august_generator2026.xlsx,https://www.eia.gov/electricity/data/eia860m/xls/august_generator2026.xlsx,2026-10-08T17:54:58+00:00
61643,DEC4,IC,Natural Gas Internal Combustion Engine,18.800,18.800,18.800,2018,,True,august_generator2026.xlsx,https://www.eia.gov/electricity/data/eia860m/xls/august_generator2026.xlsx,2026-10-08T17:54:58+00:00
61643,DEC5,IC,Natural Gas Internal Combustion Engine,18.800,18.800,18.800,2018,,True,august_generator2026.xlsx,https://www.eia.gov/electricity/data/eia860m/xls/august_generator2026.xlsx,2026-10-08T17:54:58+00:00
61643,DEC6,IC,Natural Gas Internal Combustion Engine,18.800,18.800,18.800,2018,,True,august_generator2026.xlsx,https://www.eia.gov/electricity/data/eia860m/xls/august_generator2026.xlsx,2026-10-08T17:54:58+00:00
61643,DEC7,IC,Natural Gas Internal Combustion Engine,18.800,18.800,18.800,2018,,True,august_generator2026.xlsx,https://www.eia.gov/electricity/data/eia860m/xls/august_generator2026.xlsx,2026-10-08T17:54:58+00:00
61643,DEC8,IC,Natural Gas Internal Combustion Engine,18.800,18.800,18.800,2018,,True,august_generator2026.xlsx,https://www.eia.gov/electricity/data/eia860m/xls/august_generator2026.xlsx,2026-10-08T17:54:58+00:00
61643,DEC9,IC,Natural Gas Internal Combustion Engine,18.800,18.800,18.800,2018,,True,august_generator2026.xlsx,https://www.eia.gov/electricity/data/eia860m/xls/august_generator2026.xlsx,2026-10-08T17:54:58+00:00
61966,VP2-1,GT,Natural Gas Fired Combustion Turbine,50.000,43.000,46.000,2022,,True,august_generator2026.xlsx,https://www.eia.gov/electricity/data/eia860m/xls/august_generator2026.xlsx,2026-10-08T17:54:58+00:00
61966,VP2-2,GT,Natural Gas Fired Combustion Turbine,50.000,43.000,46.000,2022,,True,august_generator2026.xlsx,https://www.eia.gov/electricity/data/eia860m/xls/august_generator2026.xlsx,2026-10-08T17:54:58+00:00
62548,SJ-1,GT,Natural Gas Fired Combustion Turbine,50.000,45.000,45.000,2022,,True,august_generator2026.xlsx,https://www.eia.gov/electricity/data/eia860m/xls/august_generator2026.xlsx,2026-10-08T17:54:58+00:00
62548,SJ-2,GT,Natural Gas Fired Combustion Turbine,50.000,45.000,45.000,2022,,True,august_generator2026.xlsx,https://www.eia.gov/electricity/data/eia860m/xls/august_generator2026.xlsx,2026-10-08T17:54:58+00:00
62762,CTG-1,GT,Natural Gas Fired Combustion Turbine,5.600,5.300,5.700,2018,,True,august_generator2026.xlsx,https://www.eia.gov/electricity/data/eia860m/xls/august_generator2026.xlsx,2026-10-08T17:54:58+00:00
62762,CTG-2,GT,Natural Gas Fired Combustion Turbine,5.600,5.300,5.700,2018,,True,august_generator2026.xlsx,https://www.eia.gov/electricity/data/eia860m/xls/august_generator2026.xlsx,2026-10-08T17:54:58+00:00
63335,CTG-1,GT,Natural Gas Fired Combustion Turbine,60.500,44.500,49.800,2021,,True,august_generator2026.xlsx,https://www.eia.gov/electricity/data/eia860m/xls/august_generator2026.xlsx,2026-10-08T17:54:58+00:00
63335,CTG-2,GT,Natural Gas Fired Combustion Turbine,60.500,44.500,49.800,2021,,True,august_generator2026.xlsx,https://www.eia.gov/electricity/data/eia860m/xls/august_generator2026.xlsx,2026-10-08T17:54:58+00:00
63335,CTG-3,GT,Natural Gas Fired Combustion Turbine,60.500,44.500,49.800,2021,,True,august_generator2026.xlsx,https://www.eia.gov/electricity/data/eia860m/xls/august_generator2026.xlsx,2026-10-08T17:54:58+00:00
63335,CTG-4,GT,Natural Gas Fired Combustion Turbine,60.500,44.500,49.800,2021,,True,august_generator2026.xlsx,https://www.eia.gov/electricity/data/eia860m/xls/august_generator2026.xlsx,2026-10-08T17:54:58+00:00
63335,CTG-5,GT,Natural Gas Fired Combustion Turbine,60.500,44.500,49.800,2021,,True,august_generator2026.xlsx,https://www.eia.gov/electricity/data/eia860m/xls/august_generator2026.xlsx,2026-10-08T17:54:58+00:00
63335,CTG-6,GT,Natural Gas Fired Combustion Turbine,60.500,44.500,49.800,2021,,True,august_generator2026.xlsx,https://www.eia.gov/electricity/data/eia860m/xls/august_generator2026.xlsx,2026-10-08T17:54:58+00:00
63335,CTG-7,GT,Natural Gas Fired Combustion Turbine,60.500,44.500,49.800,2021,,True,august_generator2026.xlsx,https://www.eia.gov/electricity/data/eia860m/xls/august_generator2026.xlsx,2026-10-08T17:54:58+00:00
63335,CTG-8,GT,Natural Gas Fired Combustion Turbine,60.500,44.500,49.800,2021,,True,august_generator2026.xlsx,https://www.eia.gov/electricity/data/eia860m/xls/august_generator2026.xlsx,2026-10-08T17:54:58+00:00
63688,CTG-1,GT,Natural Gas Fired Combustion Turbine,60.500,44.500,49.800,2021,,True,august_generator2026.xlsx,https://www.eia.gov/electricity/data/eia860m/xls/august_generator2026.xlsx,2026-10-08T17:54:58+00:00
63688,CTG-2,GT,Natural Gas Fired Combustion Turbine,60.500,44.500,49.800,2021,,True,august_generator2026.xlsx,https://www.eia.gov/electricity/data/eia860m/xls/august_generator2026.xlsx,2026-10-08T17:54:58+00:00
63688,CTG-3,GT,Natural Gas Fired Combustion Turbine,60.500,44.500,49.800,2021,,True,august_generator2026.xlsx,https://www.eia.gov/electricity/data/eia860m/xls/august_generator2026.xlsx,2026-10-08T17:54:58+00:00
63688,CTG-4,GT,Natural Gas Fired Combustion Turbine,60.500,44.500,49.800,2021,,True,august_generator2026.xlsx,https://www.eia.gov/electricity/data/eia860m/xls/august_generator2026.xlsx,2026-10-08T17:54:58+00:00
63688,CTG-5,GT,Natural Gas Fired Combustion Turbine,60.500,44.500,49.800,2021,,True,august_generator2026.xlsx,https://www.eia.gov/electricity/data/eia860m/xls/august_generator2026.xlsx,2026-10-08T17:54:58+00:00
63688,CTG-6,GT,Natural Gas Fired Combustion Turbine,60.500,44.500,49.800,2021,,True,august_generator2026.xlsx,https://www.eia.gov/electricity/data/eia860m/xls/august_generator2026.xlsx,2026-10-08T17:54:58+00:00
63688,CTG-7,GT,Natural Gas Fired Combustion Turbine,60.500,44.500,49.800,2021,,True,august_generator2026.xlsx,https://www.eia.gov/electricity/data/eia860m/xls/august_generator2026.xlsx,2026-10-08T17:54:58+00:00
63688,CTG-8,GT,Natural Gas Fired Combustion Turbine,60.500,44.500,49.800,2021,,True,august_generator2026.xlsx,https://www.eia.gov/electricity/data/eia860m/xls/august_generator2026.xlsx,2026-10-08T17:54:58+00:00
63688,CTG-9,GT,Natural Gas Fired Combustion Turbine,60.500,44.500,49.800,2021,,True,august_generator2026.xlsx,https://www.eia.gov/electricity/data/eia860m/xls/august_generator2026.xlsx,2026-10-08T17:54:58+00:00
63688,CTG10,GT,Natural Gas Fired Combustion Turbine,60.500,44.500,49.800,2021,,True,august_generator2026.xlsx,https://www.eia.gov/electricity/data/eia860m/xls/august_generator2026.xlsx,2026-10-08T17:54:58+00:00
64383,CTG-1,GT,Natural Gas Fired Combustion Turbine,60.500,44.500,49.800,2022,,True,august_generator2026.xlsx,https://www.eia.gov/electricity/data/eia860m/xls/august_generator2026.xlsx,2026-10-08T17:54:58+00:00
64383,CTG-2,GT,Natural Gas Fired Combustion Turbine,60.500,44.500,49.800,2022,,True,august_generator2026.xlsx,https://www.eia.gov/electricity/data/eia860m/xls/august_generator2026.xlsx,2026-10-08T17:54:58+00:00
64383,CTG-3,GT,Natural Gas Fired Combustion Turbine,60.500,44.500,49.800,2022,,True,august_generator2026.xlsx,https://www.eia.gov/electricity/data/eia860m/xls/august_generator2026.xlsx,2026-10-08T17:54:58+00:00
64383,CTG-4,GT,Natural Gas Fired Combustion Turbine,60.500,44.500,49.800,2022,,True,august_generator2026.xlsx,https://www.eia.gov/electricity/data/eia860m/xls/august_generator2026.xlsx,2026-10-08T17:54:58+00:00
64383,CTG-5,GT,Natural Gas Fired Combustion Turbine,60.500,44.500,49.800,2022,,True,august_generator2026.xlsx,https://www.eia.gov/electricity/data/eia860m/xls/august_generator2026.xlsx,2026-10-08T17:54:58+00:00
64383,CTG-6,GT,Natural Gas Fired Combustion Turbine,60.500,44.500,49.800,2022,,True,august_generator2026.xlsx,https://www.eia.gov/electricity/data/eia860m/xls/august_generator2026.xlsx,2026-10-08T17:54:58+00:00
64383,CTG-7,GT,Natural Gas Fired Combustion Turbine,60.500,44.500,49.800,2022,,True,august_generator2026.xlsx,https://www.eia.gov/electricity/data/eia860m/xls/august_generator2026.xlsx,2026-10-08T17:54:58+00:00
64383,CTG-8,GT,Natural Gas Fired Combustion Turbine,60.500,44.500,49.800,2022,,True,august_generator2026.xlsx,https://www.eia.gov/electricity/data/eia860m/xls/august_generator2026.xlsx,2026-10-08T17:54:58+00:00
64769,GEN1,IC,Natural Gas Internal Combustion Engine,0.400,0.400,0.400,2021,,True,august_generator2026.xlsx,https://www.eia.gov/electricity/data/eia860m/xls/august_generator2026.xlsx,2026-10-08T17:54:58+00:00
64769,GEN2,IC,Natural Gas Internal Combustion Engine,0.400,0.400,0.400,2021,,True,august_generator2026.xlsx,https://www.eia.gov/electricity/data/eia860m/xls/august_generator2026.xlsx,2026-10-08T17:54:58+00:00
64769,GEN3,IC,Natural Gas Internal Combustion Engine,0.400,0.400,0.400,2021,,True,august_generator2026.xlsx,https://www.eia.gov/electricity/data/eia860m/xls/august_generator2026.xlsx,2026-10-08T17:54:58+00:00
64771,GEN1,IC,Natural Gas Internal Combustion Engine,0.400,0.400,0.400,2021,,True,august_generator2026.xlsx,https://www.eia.gov/electricity/data/eia860m/xls/august_generator2026.xlsx,2026-10-08T17:54:58+00:00
64771,GEN2,IC,Natural Gas Internal Combustion Engine,0.400,0.400,0.400,2021,,True,august_generator2026.xlsx,https://www.eia.gov/electricity/data/eia860m/xls/august_generator2026.xlsx,2026-10-08T17:54:58+00:00
64771,GEN3,IC,Natural Gas Internal Combustion Engine,0.400,0.400,0.400,2021,,True,august_generator2026.xlsx,https://www.eia.gov/electricity/data/eia860m/xls/august_generator2026.xlsx,2026-10-08T17:54:58+00:00
64772,GEN1,IC,Natural Gas Internal Combustion Engine,0.400,0.400,0.400,2021,,True,august_generator2026.xlsx,https://www.eia.gov/electricity/data/eia860m/xls/august_generator2026.xlsx,2026-10-08T17:54:58+00:00
64772,GEN2,IC,Natural Gas Internal Combustion Engine,0.400,0.400,0.400,2021,,True,august_generator2026.xlsx,https://www.eia.gov/electricity/data/eia860m/xls/august_generator2026.xlsx,2026-10-08T17:54:58+00:00
64772,GEN3,IC,Natural Gas Internal Combustion Engine,0.400,0.400,0.400,2021,,True,august_generator2026.xlsx,https://www.eia.gov/electricity/data/eia860m/xls/august_generator2026.xlsx,2026-10-08T17:54:58+00:00
64773,GEN1,IC,Natural Gas Internal Combustion Engine,0.400,0.400,0.400,2021,,True,august_generator2026.xlsx,https://www.eia.gov/electricity/data/eia860m/xls/august_generator2026.xlsx,2026-10-08T17:54:58+00:00
64773,GEN2,IC,Natural Gas Internal Combustion Engine,0.400,0.400,0.400,2021,,True,august_generator2026.xlsx,https://www.eia.gov/electricity/data/eia860m/xls/august_generator2026.xlsx,2026-10-08T17:54:58+00:00
64773,GEN3,IC,Natural Gas Internal Combustion Engine,0.400,0.400,0.400,2021,,True,august_generator2026.xlsx,https://www.eia.gov/electricity/data/eia860m/xls/august_generator2026.xlsx,2026-10-08T17:54:58+00:00
64774,GEN1,IC,Natural Gas Internal Combustion Engine,0.400,0.400,0.400,2021,,True,august_generator2026.xlsx,https://www.eia.gov/electricity/data/eia860m/xls/august_generator2026.xlsx,2026-10-08T17:54:58+00:00
64774,GEN2,IC,Natural Gas Internal Combustion Engine,0.400,0.400,0.400,2021,,True,august_generator2026.xlsx,https://www.eia.gov/electricity/data/eia860m/xls/august_generator2026.xlsx,2026-10-08T17:54:58+00:00
64774,GEN3,IC,Natural Gas Internal Combustion Engine,0.400,0.400,0.400,2021,,True,august_generator2026.xlsx,https://www.eia.gov/electricity/data/eia860m/xls/august_generator2026.xlsx,2026-10-08T17:54:58+00:00
64775,GEN1,IC,Natural Gas Internal Combustion Engine,0.400,0.400,0.400,2021,,True,august_generator2026.xlsx,https://www.eia.gov/electricity/data/eia860m/xls/august_generator2026.xlsx,2026-10-08T17:54:58+00:00
64775,GEN2,IC,Natural Gas Internal Combustion Engine,0.400,0.400,0.400,2021,,True,august_generator2026.xlsx,https://www.eia.gov/electricity/data/eia860m/xls/august_generator2026.xlsx,2026-10-08T17:54:58+00:00
64775,GEN3,IC,Natural Gas Internal Combustion Engine,0.400,0.400,0.400,2021,,True,august_generator2026.xlsx,https://www.eia.gov/electricity/data/eia860m/xls/august_generator2026.xlsx,2026-10-08T17:54:58+00:00
64776,GEN1,IC,Natural Gas Internal Combustion Engine,0.400,0.400,0.400,2021,,True,august_generator2026.xlsx,https://www.eia.gov/electricity/data/eia860m/xls/august_generator2026.xlsx,2026-10-08T17:54:58+00:00
64776,GEN2,IC,Natural Gas Internal Combustion Engine,0.400,0.400,0.400,2021,,True,august_generator2026.xlsx,https://www.eia.gov/electricity/data/eia860m/xls/august_generator2026.xlsx,2026-10-08T17:54:58+00:00
64776,GEN3,IC,Natural Gas Internal Combustion Engine,0.400,0.400,0.400,2021,,True,august_generator2026.xlsx,https://www.eia.gov/electricity/data/eia860m/xls/august_generator2026.xlsx,2026-10-08T17:54:58+00:00
64777,GEN1,IC,Natural Gas Internal Combustion Engine,0.400,0.400,0.400,2021,,True,august_generator2026.xlsx,https://www.eia.gov/electricity/data/eia860m/xls/august_generator2026.xlsx,2026-10-08T17:54:58+00:00
64777,GEN2,IC,Natural Gas Internal Combustion Engine,0.400,0.400,0.400,2021,,True,august_generator2026.xlsx,https://www.eia.gov/electricity/data/eia860m/xls/august_generator2026.xlsx,2026-10-08T17:54:58+00:00
64777,GEN3,IC,Natural Gas Internal Combustion Engine,0.400,0.400,0.400,2021,,True,august_generator2026.xlsx,https://www.eia.gov/electricity/data/eia860m/xls/august_generator2026.xlsx,2026-10-08T17:54:58+00:00
64778,GEN1,IC,Natural Gas Internal Combustion Engine,0.400,0.400,0.400,2021,,True,august_generator2026.xlsx,https://www.eia.gov/electricity/data/eia860m/xls/august_generator2026.xlsx,2026-10-08T17:54:58+00:00
64778,GEN2,IC,Natural Gas Internal Combustion Engine,0.400,0.400,0.400,2021,,True,august_generator2026.xlsx,https://www.eia.gov/electricity/data/eia860m/xls/august_generator2026.xlsx,2026-10-08T17:54:58+00:00
64778,GEN3,IC,Natural Gas Internal Combustion Engine,0.400,0.400,0.400,2021,,True,august_generator2026.xlsx,https://www.eia.gov/electricity/data/eia860m/xls/august_generator2026.xlsx,2026-10-08T17:54:58+00:00
64791,GEN1,IC,Natural Gas Internal Combustion Engine,1.300,1.300,1.300,2019,,True,august_generator2026.xlsx,https://www.eia.gov/electricity/data/eia860m/xls/august_generator2026.xlsx,2026-10-08T17:54:58+00:00
64792,GEN1,IC,Natural Gas Internal Combustion Engine,0.400,0.400,0.400,2022,,True,august_generator2026.xlsx,https://www.eia.gov/electricity/data/eia860m/xls/august_generator2026.xlsx,2026-10-08T17:54:58+00:00
64792,GEN2,IC,Natural Gas Internal Combustion Engine,0.400,0.400,0.400,2022,,True,august_generator2026.xlsx,https://www.eia.gov/electricity/data/eia860m/xls/august_generator2026.xlsx,2026-10-08T17:54:58+00:00
64792,GEN3,IC,Natural Gas Internal Combustion Engine,0.400,0.400,0.400,2022,,True,august_generator2026.xlsx,https://www.eia.gov/electricity/data/eia860m/xls/august_generator2026.xlsx,2026-10-08T17:54:58+00:00
64793,GEN1,IC,Natural Gas Internal Combustion Engine,0.400,0.400,0.400,2020,,True,august_generator2026.xlsx,https://www.eia.gov/electricity/data/eia860m/xls/august_generator2026.xlsx,2026-10-08T17:54:58+00:00
64793,GEN2,IC,Natural Gas Internal Combustion Engine,0.400,0.400,0.400,2020,,True,august_generator2026.xlsx,https://www.eia.gov/electricity/data/eia860m/xls/august_generator2026.xlsx,2026-10-08T17:54:58+00:00
64793,GEN3,IC,Natural Gas Internal Combustion Engine,0.400,0.400,0.400,2020,,True,august_generator2026.xlsx,https://www.eia.gov/electricity/data/eia860m/xls/august_generator2026.xlsx,2026-10-08T17:54:58+00:00
64794,GEN1,IC,Natural Gas Internal Combustion Engine,1.300,1.300,1.300,2019,,True,august_generator2026.xlsx,https://www.eia.gov/electricity/data/eia860m/xls/august_generator2026.xlsx,2026-10-08T17:54:58+00:00
64795,GEN1,IC,Natural Gas Internal Combustion Engine,0.400,0.400,0.400,2021,,True,august_generator2026.xlsx,https://www.eia.gov/electricity/data/eia860m/xls/august_generator2026.xlsx,2026-10-08T17:54:58+00:00
64795,GEN2,IC,Natural Gas Internal Combustion Engine,0.400,0.400,0.400,2021,,True,august_generator2026.xlsx,https://www.eia.gov/electricity/data/eia860m/xls/august_generator2026.xlsx,2026-10-08T17:54:58+00:00
64795,GEN3,IC,Natural Gas Internal Combustion Engine,0.400,0.400,0.400,2021,,True,august_generator2026.xlsx,https://www.eia.gov/electricity/data/eia860m/xls/august_generator2026.xlsx,2026-10-08T17:54:58+00:00
64796,GEN1,IC,Natural Gas Internal Combustion Engine,0.400,0.400,0.400,2021,,True,august_generator2026.xlsx,https://www.eia.gov/electricity/data/eia860m/xls/august_generator2026.xlsx,2026-10-08T17:54:58+00:00
64796,GEN2,IC,Natural Gas Internal Combustion Engine,0.400,0.400,0.400,2021,,True,august_generator2026.xlsx,https://www.eia.gov/electricity/data/eia860m/xls/august_generator2026.xlsx,2026-10-08T17:54:58+00:00
64796,GEN3,IC,Natural Gas Internal Combustion Engine,0.400,0.400,0.400,2021,,True,august_generator2026.xlsx,https://www.eia.gov/electricity/data/eia860m/xls/august_generator2026.xlsx,2026-10-08T17:54:58+00:00
64797,GEN1,IC,Natural Gas Internal Combustion Engine,0.400,0.400,0.400,2020,,True,august_generator2026.xlsx,https://www.eia.gov/electricity/data/eia860m/xls/august_generator2026.xlsx,2026-10-08T17:54:58+00:00
64797,GEN2,IC,Natural Gas Internal Combustion Engine,0.400,0.400,0.400,2020,,True,august_generator2026.xlsx,https://www.eia.gov/electricity/data/eia860m/xls/august_generator2026.xlsx,2026-10-08T17:54:58+00:00
64797,GEN3,IC,Natural Gas Internal Combustion Engine,0.400,0.400,0.400,2020,,True,august_generator2026.xlsx,https://www.eia.gov/electricity/data/eia860m/xls/august_generator2026.xlsx,2026-10-08T17:54:58+00:00
64798,GEN1,IC,Natural Gas Internal Combustion Engine,0.400,0.400,0.400,2022,,True,august_generator2026.xlsx,https://www.eia.gov/electricity/data/eia860m/xls/august_generator2026.xlsx,2026-10-08T17:54:58+00:00
64798,GEN2,IC,Natural Gas Internal Combustion Engine,0.400,0.400,0.400,2022,,True,august_generator2026.xlsx,https://www.eia.gov/electricity/data/eia860m/xls/august_generator2026.xlsx,2026-10-08T17:54:58+00:00
64798,GEN3,IC,Natural Gas Internal Combustion Engine,0.400,0.400,0.400,2022,,True,august_generator2026.xlsx,https://www.eia.gov/electricity/data/eia860m/xls/august_generator2026.xlsx,2026-10-08T17:54:58+00:00
64799,GEN1,IC,Natural Gas Internal Combustion Engine,0.400,0.400,0.400,2020,,True,august_generator2026.xlsx,https://www.eia.gov/electricity/data/eia860m/xls/august_generator2026.xlsx,2026-10-08T17:54:58+00:00
64799,GEN2,IC,Natural Gas Internal Combustion Engine,0.400,0.400,0.400,2020,,True,august_generator2026.xlsx,https://www.eia.gov/electricity/data/eia860m/xls/august_generator2026.xlsx,2026-10-08T17:54:58+00:00
64799,GEN3,IC,Natural Gas Internal Combustion Engine,0.400,0.400,0.400,2020,,True,august_generator2026.xlsx,https://www.eia.gov/electricity/data/eia860m/xls/august_generator2026.xlsx,2026-10-08T17:54:58+00:00
64800,GEN1,IC,Natural Gas Internal Combustion Engine,0.400,0.400,0.400,2020,,True,august_generator2026.xlsx,https://www.eia.gov/electricity/data/eia860m/xls/august_generator2026.xlsx,2026-10-08T17:54:58+00:00
64800,GEN2,IC,Natural Gas Internal Combustion Engine,0.400,0.400,0.400,2020,,True,august_generator2026.xlsx,https://www.eia.gov/electricity/data/eia860m/xls/august_generator2026.xlsx,2026-10-08T17:54:58+00:00
64800,GEN3,IC,Natural Gas Internal Combustion Engine,0.400,0.400,0.400,2020,,True,august_generator2026.xlsx,https://www.eia.gov/electricity/data/eia860m/xls/august_generator2026.xlsx,2026-10-08T17:54:58+00:00
64801,GEN1,IC,Natural Gas Internal Combustion Engine,0.400,0.400,0.400,2020,,True,august_generator2026.xlsx,https://www.eia.gov/electricity/data/eia860m/xls/august_generator2026.xlsx,2026-10-08T17:54:58+00:00
64801,GEN2,IC,Natural Gas Internal Combustion Engine,0.400,0.400,0.400,2020,,True,august_generator2026.xlsx,https://www.eia.gov/electricity/data/eia860m/xls/august_generator2026.xlsx,2026-10-08T17:54:58+00:00
64801,GEN3,IC,Natural Gas Internal Combustion Engine,0.400,0.400,0.400,2020,,True,august_generator2026.xlsx,https://www.eia.gov/electricity/data/eia860m/xls/august_generator2026.xlsx,2026-10-08T17:54:58+00:00
64802,GEN1,IC,Natural Gas Internal Combustion Engine,0.400,0.400,0.400,2019,,True,august_generator2026.xlsx,https://www.eia.gov/electricity/data/eia860m/xls/august_generator2026.xlsx,2026-10-08T17:54:58+00:00
64802,GEN2,IC,Natural Gas Internal Combustion Engine,0.400,0.400,0.400,2019,,True,august_generator2026.xlsx,https://www.eia.gov/electricity/data/eia860m/xls/august_generator2026.xlsx,2026-10-08T17:54:58+00:00
64802,GEN3,IC,Natural Gas Internal Combustion Engine,0.400,0.400,0.400,2019,,True,august_generator2026.xlsx,https://www.eia.gov/electricity/data/eia860m/xls/august_generator2026.xlsx,2026-10-08T17:54:58+00:00
64803,GEN1,IC,Natural Gas Internal Combustion Engine,0.400,0.400,0.400,2021,,True,august_generator2026.xlsx,https://www.eia.gov/electricity/data/eia860m/xls/august_generator2026.xlsx,2026-10-08T17:54:58+00:00
64803,GEN2,IC,Natural Gas Internal Combustion Engine,0.400,0.400,0.400,2021,,True,august_generator2026.xlsx,https://www.eia.gov/electricity/data/eia860m/xls/august_generator2026.xlsx,2026-10-08T17:54:58+00:00
64803,GEN3,IC,Natural Gas Internal Combustion Engine,0.400,0.400,0.400,2021,,True,august_generator2026.xlsx,https://www.eia.gov/electricity/data/eia860m/xls/august_generator2026.xlsx,2026-10-08T17:54:58+00:00
64804,GEN1,IC,Natural Gas Internal Combustion Engine,0.400,0.400,0.400,2021,,True,august_generator2026.xlsx,https://www.eia.gov/electricity/data/eia860m/xls/august_generator2026.xlsx,2026-10-08T17:54:58+00:00
64804,GEN2,IC,Natural Gas Internal Combustion Engine,0.400,0.400,0.400,2021,,True,august_generator2026.xlsx,https://www.eia.gov/electricity/data/eia860m/xls/august_generator2026.xlsx,2026-10-08T17:54:58+00:00
64804,GEN3,IC,Natural Gas Internal Combustion Engine,0.400,0.400,0.400,2021,,True,august_generator2026.xlsx,https://www.eia.gov/electricity/data/eia860m/xls/august_generator2026.xlsx,2026-10-08T17:54:58+00:00
64805,GEN1,IC,Natural Gas Internal Combustion Engine,0.400,0.400,0.400,2020,,True,august_generator2026.xlsx,https://www.eia.gov/electricity/data/eia860m/xls/august_generator2026.xlsx,2026-10-08T17:54:58+00:00
64805,GEN2,IC,Natural Gas Internal Combustion Engine,0.400,0.400,0.400,2020,,True,august_generator2026.xlsx,https://www.eia.gov/electricity/data/eia860m/xls/august_generator2026.xlsx,2026-10-08T17:54:58+00:00
64805,GEN3,IC,Natural Gas Internal Combustion Engine,0.400,0.400,0.400,2020,,True,august_generator2026.xlsx,https://www.eia.gov/electricity/data/eia860m/xls/august_generator2026.xlsx,2026-10-08T17:54:58+00:00
64806,GEN1,IC,Natural Gas Internal Combustion Engine,0.400,0.400,0.400,2020,,True,august_generator2026.xlsx,https://www.eia.gov/electricity/data/eia860m/xls/august_generator2026.xlsx,2026-10-08T17:54:58+00:00
64806,GEN2,IC,Natural Gas Internal Combustion Engine,0.400,0.400,0.400,2020,,True,august_generator2026.xlsx,https://www.eia.gov/electricity/data/eia860m/xls/august_generator2026.xlsx,2026-10-08T17:54:58+00:00
64806,GEN3,IC,Natural Gas Internal Combustion Engine,0.400,0.400,0.400,2020,,True,august_generator2026.xlsx,https://www.eia.gov/electricity/data/eia860m/xls/august_generator2026.xlsx,2026-10-08T17:54:58+00:00
64807,GEN1,IC,Natural Gas Internal Combustion Engine,0.400,0.400,0.400,2021,,True,august_generator2026.xlsx,https://www.eia.gov/electricity/data/eia860m/xls/august_generator2026.xlsx,2026-10-08T17:54:58+00:00
64807,GEN2,IC,Natural Gas Internal Combustion Engine,0.400,0.400,0.400,2021,,True,august_generator2026.xlsx,https://www.eia.gov/electricity/data/eia860m/xls/august_generator2026.xlsx,2026-10-08T17:54:58+00:00
64807,GEN3,IC,Natural Gas Internal Combustion Engine,0.400,0.400,0.400,2021,,True,august_generator2026.xlsx,https://www.eia.gov/electricity/data/eia860m/xls/august_generator2026.xlsx,2026-10-08T17:54:58+00:00
64808,GEN1,IC,Natural Gas Internal Combustion Engine,1.300,1.300,1.300,2021,,True,august_generator2026.xlsx,https://www.eia.gov/electricity/data/eia860m/xls/august_generator2026.xlsx,2026-10-08T17:54:58+00:00
64809,GEN1,IC,Natural Gas Internal Combustion Engine,0.400,0.400,0.400,2020,,True,august_generator2026.xlsx,https://www.eia.gov/electricity/data/eia860m/xls/august_generator2026.xlsx,2026-10-08T17:54:58+00:00
64809,GEN2,IC,Natural Gas Internal Combustion Engine,0.400,0.400,0.400,2020,,True,august_generator2026.xlsx,https://www.eia.gov/electricity/data/eia860m/xls/august_generator2026.xlsx,2026-10-08T17:54:58+00:00
64809,GEN3,IC,Natural Gas Internal Combustion Engine,0.400,0.400,0.400,2020,,True,august_generator2026.xlsx,https://www.eia.gov/electricity/data/eia860m/xls/august_generator2026.xlsx,2026-10-08T17:54:58+00:00
64810,GEN1,IC,Natural Gas Internal Combustion Engine,0.400,0.400,0.400,2020,,True,august_generator2026.xlsx,https://www.eia.gov/electricity/data/eia860m/xls/august_generator2026.xlsx,2026-10-08T17:54:58+00:00
64810,GEN2,IC,Natural Gas Internal Combustion Engine,0.400,0.400,0.400,2020,,True,august_generator2026.xlsx,https://www.eia.gov/electricity/data/eia860m/xls/august_generator2026.xlsx,2026-10-08T17:54:58+00:00
64810,GEN3,IC,Natural Gas Internal Combustion Engine,0.400,0.400,0.400,2020,,True,august_generator2026.xlsx,https://www.eia.gov/electricity/data/eia860m/xls/august_generator2026.xlsx,2026-10-08T17:54:58+00:00
64812,GEN1,IC,Natural Gas Internal Combustion Engine,0.400,0.400,0.400,2020,,True,august_generator2026.xlsx,https://www.eia.gov/electricity/data/eia860m/xls/august_generator2026.xlsx,2026-10-08T17:54:58+00:00
64812,GEN2,IC,Natural Gas Internal Combustion Engine,0.400,0.400,0.400,2020,,True,august_generator2026.xlsx,https://www.eia.gov/electricity/data/eia860m/xls/august_generator2026.xlsx,2026-10-08T17:54:58+00:00
64812,GEN3,IC,Natural Gas Internal Combustion Engine,0.400,0.400,0.400,2020,,True,august_generator2026.xlsx,https://www.eia.gov/electricity/data/eia860m/xls/august_generator2026.xlsx,2026-10-08T17:54:58+00:00
64813,GEN1,IC,Natural Gas Internal Combustion Engine,0.400,0.400,0.400,2019,,True,august_generator2026.xlsx,https://www.eia.gov/electricity/data/eia860m/xls/august_generator2026.xlsx,2026-10-08T17:54:58+00:00
64813,GEN2,IC,Natural Gas Internal Combustion Engine,0.400,0.400,0.400,2019,,True,august_generator2026.xlsx,https://www.eia.gov/electricity/data/eia860m/xls/august_generator2026.xlsx,2026-10-08T17:54:58+00:00
64813,GEN3,IC,Natural Gas Internal Combustion Engine,0.400,0.400,0.400,2019,,True,august_generator2026.xlsx,https://www.eia.gov/electricity/data/eia860m/xls/august_generator2026.xlsx,2026-10-08T17:54:58+00:00
64814,GEN1,IC,Natural Gas Internal Combustion Engine,0.400,0.400,0.400,2021,,True,august_generator2026.xlsx,https://www.eia.gov/electricity/data/eia860m/xls/august_generator2026.xlsx,2026-10-08T17:54:58+00:00
64814,GEN2,IC,Natural Gas Internal Combustion Engine,0.400,0.400,0.400,2021,,True,august_generator2026.xlsx,https://www.eia.gov/electricity/data/eia860m/xls/august_generator2026.xlsx,2026-10-08T17:54:58+00:00
64814,GEN3,IC,Natural Gas Internal Combustion Engine,0.400,0.400,0.400,2021,,True,august_generator2026.xlsx,https://www.eia.gov/electricity/data/eia860m/xls/august_generator2026.xlsx,2026-10-08T17:54:58+00:00
64815,GEN1,IC,Natural Gas Internal Combustion Engine,0.400,0.400,0.400,2019,,True,august_generator2026.xlsx,https://www.eia.gov/electricity/data/eia860m/xls/august_generator2026.xlsx,2026-10-08T17:54:58+00:00
64815,GEN2,IC,Natural Gas Internal Combustion Engine,0.400,0.400,0.400,2019,,True,august_generator2026.xlsx,https://www.eia.gov/electricity/data/eia860m/xls/august_generator2026.xlsx,2026-10-08T17:54:58+00:00
64815,GEN3,IC,Natural Gas Internal Combustion Engine,0.400,0.400,0.400,2019,,True,august_generator2026.xlsx,https://www.eia.gov/electricity/data/eia860m/xls/august_generator2026.xlsx,2026-10-08T17:54:58+00:00
64816,GEN1,IC,Natural Gas Internal Combustion Engine,0.400,0.400,0.400,2020,,True,august_generator2026.xlsx,https://www.eia.gov/electricity/data/eia860m/xls/august_generator2026.xlsx,2026-10-08T17:54:58+00:00
64816,GEN2,IC,Natural Gas Internal Combustion Engine,0.400,0.400,0.400,2020,,True,august_generator2026.xlsx,https://www.eia.gov/electricity/data/eia860m/xls/august_generator2026.xlsx,2026-10-08T17:54:58+00:00
64816,GEN3,IC,Natural Gas Internal Combustion Engine,0.400,0.400,0.400,2020,,True,august_generator2026.xlsx,https://www.eia.gov/electricity/data/eia860m/xls/august_generator2026.xlsx,2026-10-08T17:54:58+00:00
64829,GEN1,IC,Natural Gas Internal Combustion Engine,0.400,0.400,0.400,2021,,True,august_generator2026.xlsx,https://www.eia.gov/electricity/data/eia860m/xls/august_generator2026.xlsx,2026-10-08T17:54:58+00:00
64829,GEN2,IC,Natural Gas Internal Combustion Engine,0.400,0.400,0.400,2021,,True,august_generator2026.xlsx,https://www.eia.gov/electricity/data/eia860m/xls/august_generator2026.xlsx,2026-10-08T17:54:58+00:00
64829,GEN3,IC,Natural Gas Internal Combustion Engine,0.400,0.400,0.400,2021,,True,august_generator2026.xlsx,https://www.eia.gov/electricity/data/eia860m/xls/august_generator2026.xlsx,2026-10-08T17:54:58+00:00
64883,GEN1,IC,Natural Gas Internal Combustion Engine,0.400,0.400,0.400,2021,,True,august_generator2026.xlsx,https://www.eia.gov/electricity/data/eia860m/xls/august_generator2026.xlsx,2026-10-08T17:54:58+00:00
64883,GEN2,IC,Natural Gas Internal Combustion Engine,0.400,0.400,0.400,2021,,True,august_generator2026.xlsx,https://www.eia.gov/electricity/data/eia860m/xls/august_generator2026.xlsx,2026-10-08T17:54:58+00:00
64883,GEN3,IC,Natural Gas Internal Combustion Engine,0.400,0.400,0.400,2021,,True,august_generator2026.xlsx,https://www.eia.gov/electricity/data/eia860m/xls/august_generator2026.xlsx,2026-10-08T17:54:58+00:00
64884,GEN1,IC,Natural Gas Internal Combustion Engine,0.400,0.400,0.400,2022,,True,august_generator2026.xlsx,https://www.eia.gov/electricity/data/eia860m/xls/august_generator2026.xlsx,2026-10-08T17:54:58+00:00
64884,GEN2,IC,Natural Gas Internal Combustion Engine,0.400,0.400,0.400,2022,,True,august_generator2026.xlsx,https://www.eia.gov/electricity/data/eia860m/xls/august_generator2026.xlsx,2026-10-08T17:54:58+00:00
64884,GEN3,IC,Natural Gas Internal Combustion Engine,0.400,0.400,0.400,2022,,True,august_generator2026.xlsx,https://www.eia.gov/electricity/data/eia860m/xls/august_generator2026.xlsx,2026-10-08T17:54:58+00:00
64885,GEN1,IC,Natural Gas Internal Combustion Engine,0.400,0.400,0.400,2021,,True,august_generator2026.xlsx,https://www.eia.gov/electricity/data/eia860m/xls/august_generator2026.xlsx,2026-10-08T17:54:58+00:00
64885,GEN2,IC,Natural Gas Internal Combustion Engine,0.400,0.400,0.400,2021,,True,august_generator2026.xlsx,https://www.eia.gov/electricity/data/eia860m/xls/august_generator2026.xlsx,2026-10-08T17:54:58+00:00
64885,GEN3,IC,Natural Gas Internal Combustion Engine,0.400,0.400,0.400,2021,,True,august_generator2026.xlsx,https://www.eia.gov/electricity/data/eia860m/xls/august_generator2026.xlsx,2026-10-08T17:54:58+00:00
64886,GEN1,IC,Natural Gas Internal Combustion Engine,0.400,0.400,0.400,2021,,True,august_generator2026.xlsx,https://www.eia.gov/electricity/data/eia860m/xls/august_generator2026.xlsx,2026-10-08T17:54:58+00:00
64886,GEN2,IC,Natural Gas Internal Combustion Engine,0.400,0.400,0.400,2021,,True,august_generator2026.xlsx,https://www.eia.gov/electricity/data/eia860m/xls/august_generator2026.xlsx,2026-10-08T17:54:58+00:00
64886,GEN3,IC,Natural Gas Internal Combustion Engine,0.400,0.400,0.400,2021,,True,august_generator2026.xlsx,https://www.eia.gov/electricity/data/eia860m/xls/august_generator2026.xlsx,2026-10-08T17:54:58+00:00
64887,GEN1,IC,Natural Gas Internal Combustion Engine,0.400,0.400,0.400,2021,,True,august_generator2026.xlsx,https://www.eia.gov/electricity/data/eia860m/xls/august_generator2026.xlsx,2026-10-08T17:54:58+00:00
64887,GEN2,IC,Natural Gas Internal Combustion Engine,0.400,0.400,0.400,2021,,True,august_generator2026.xlsx,https://www.eia.gov/electricity/data/eia860m/xls/august_generator2026.xlsx,2026-10-08T17:54:58+00:00
64887,GEN3,IC,Natural Gas Internal Combustion Engine,0.400,0.400,0.400,2021,,True,august_generator2026.xlsx,https://www.eia.gov/electricity/data/eia860m/xls/august_generator2026.xlsx,2026-10-08T17:54:58+00:00
64888,GEN1,IC,Natural Gas Internal Combustion Engine,0.400,0.400,0.400,2020,,True,august_generator2026.xlsx,https://www.eia.gov/electricity/data/eia860m/xls/august_generator2026.xlsx,2026-10-08T17:54:58+00:00
64888,GEN2,IC,Natural Gas Internal Combustion Engine,0.400,0.400,0.400,2020,,True,august_generator2026.xlsx,https://www.eia.gov/electricity/data/eia860m/xls/august_generator2026.xlsx,2026-10-08T17:54:58+00:00
64888,GEN3,IC,Natural Gas Internal Combustion Engine,0.400,0.400,0.400,2020,,True,august_generator2026.xlsx,https://www.eia.gov/electricity/data/eia860m/xls/august_generator2026.xlsx,2026-10-08T17:54:58+00:00
64889,GEN1,IC,Natural Gas Internal Combustion Engine,0.400,0.400,0.400,2021,,True,august_generator2026.xlsx,https://www.eia.gov/electricity/data/eia860m/xls/august_generator2026.xlsx,2026-10-08T17:54:58+00:00
64889,GEN2,IC,Natural Gas Internal Combustion Engine,0.400,0.400,0.400,2021,,True,august_generator2026.xlsx,https://www.eia.gov/electricity/data/eia860m/xls/august_generator2026.xlsx,2026-10-08T17:54:58+00:00
64889,GEN3,IC,Natural Gas Internal Combustion Engine,0.400,0.400,0.400,2021,,True,august_generator2026.xlsx,https://www.eia.gov/electricity/data/eia860m/xls/august_generator2026.xlsx,2026-10-08T17:54:58+00:00
64890,GEN1,IC,Natural Gas Internal Combustion Engine,0.400,0.400,0.400,2021,,True,august_generator2026.xlsx,https://www.eia.gov/electricity/data/eia860m/xls/august_generator2026.xlsx,2026-10-08T17:54:58+00:00
64890,GEN2,IC,Natural Gas Internal Combustion Engine,0.400,0.400,0.400,2021,,True,august_generator2026.xlsx,https://www.eia.gov/electricity/data/eia860m/xls/august_generator2026.xlsx,2026-10-08T17:54:58+00:00
64890,GEN3,IC,Natural Gas Internal Combustion Engine,0.400,0.400,0.400,2021,,True,august_generator2026.xlsx,https://www.eia.gov/electricity/data/eia860m/xls/august_generator2026.xlsx,2026-10-08T17:54:58+00:00
64891,GEN1,IC,Natural Gas Internal Combustion Engine,0.400,0.400,0.400,2021,,True,august_generator2026.xlsx,https://www.eia.gov/electricity/data/eia860m/xls/august_generator2026.xlsx,2026-10-08T17:54:58+00:00
64891,GEN2,IC,Natural Gas Internal Combustion Engine,0.400,0.400,0.400,2021,,True,august_generator2026.xlsx,https://www.eia.gov/electricity/data/eia860m/xls/august_generator2026.xlsx,2026-10-08T17:54:58+00:00
64891,GEN3,IC,Natural Gas Internal Combustion Engine,0.400,0.400,0.400,2021,,True,august_generator2026.xlsx,https://www.eia.gov/electricity/data/eia860m/xls/august_generator2026.xlsx,2026-10-08T17:54:58+00:00
64893,GEN1,IC,Natural Gas Internal Combustion Engine,0.400,0.400,0.400,2022,,True,august_generator2026.xlsx,https://www.eia.gov/electricity/data/eia860m/xls/august_generator2026.xlsx,2026-10-08T17:54:58+00:00
64893,GEN2,IC,Natural Gas Internal Combustion Engine,0.400,0.400,0.400,2022,,True,august_generator2026.xlsx,https://www.eia.gov/electricity/data/eia860m/xls/august_generator2026.xlsx,2026-10-08T17:54:58+00:00
64893,GEN3,IC,Natural Gas Internal Combustion Engine,0.400,0.400,0.400,2022,,True,august_generator2026.xlsx,https://www.eia.gov/electricity/data/eia860m/xls/august_generator2026.xlsx,2026-10-08T17:54:58+00:00
64895,GEN1,IC,Natural Gas Internal Combustion Engine,0.400,0.400,0.400,2019,,True,august_generator2026.xlsx,https://www.eia.gov/electricity/data/eia860m/xls/august_generator2026.xlsx,2026-10-08T17:54:58+00:00
64895,GEN2,IC,Natural Gas Internal Combustion Engine,0.400,0.400,0.400,2019,,True,august_generator2026.xlsx,https://www.eia.gov/electricity/data/eia860m/xls/august_generator2026.xlsx,2026-10-08T17:54:58+00:00
64895,GEN3,IC,Natural Gas Internal Combustion Engine,0.400,0.400,0.400,2019,,True,august_generator2026.xlsx,https://www.eia.gov/electricity/data/eia860m/xls/august_generator2026.xlsx,2026-10-08T17:54:58+00:00
64896,GEN1,IC,Natural Gas Internal Combustion Engine,0.400,0.400,0.400,2021,,True,august_generator2026.xlsx,https://www.eia.gov/electricity/data/eia860m/xls/august_generator2026.xlsx,2026-10-08T17:54:58+00:00
64896,GEN2,IC,Natural Gas Internal Combustion Engine,0.400,0.400,0.400,2021,,True,august_generator2026.xlsx,https://www.eia.gov/electricity/data/eia860m/xls/august_generator2026.xlsx,2026-10-08T17:54:58+00:00
64896,GEN3,IC,Natural Gas Internal Combustion Engine,0.400,0.400,0.400,2021,,True,august_generator2026.xlsx,https://www.eia.gov/electricity/data/eia860m/xls/august_generator2026.xlsx,2026-10-08T17:54:58+00:00
64897,GEN1,IC,Natural Gas Internal Combustion Engine,0.400,0.400,0.400,2021,,True,august_generator2026.xlsx,https://www.eia.gov/electricity/data/eia860m/xls/august_generator2026.xlsx,2026-10-08T17:54:58+00:00
64897,GEN2,IC,Natural Gas Internal Combustion Engine,0.400,0.400,0.400,2021,,True,august_generator2026.xlsx,https://www.eia.gov/electricity/data/eia860m/xls/august_generator2026.xlsx,2026-10-08T17:54:58+00:00
64897,GEN3,IC,Natural Gas Internal Combustion Engine,0.400,0.400,0.400,2021,,True,august_generator2026.xlsx,https://www.eia.gov/electricity/data/eia860m/xls/august_generator2026.xlsx,2026-10-08T17:54:58+00:00
64898,GEN1,IC,Natural Gas Internal Combustion Engine,0.400,0.400,0.400,2020,,True,august_generator2026.xlsx,https://www.eia.gov/electricity/data/eia860m/xls/august_generator2026.xlsx,2026-10-08T17:54:58+00:00
64898,GEN2,IC,Natural Gas Internal Combustion Engine,0.400,0.400,0.400,2020,,True,august_generator2026.xlsx,https://www.eia.gov/electricity/data/eia860m/xls/august_generator2026.xlsx,2026-10-08T17:54:58+00:00
64898,GEN3,IC,Natural Gas Internal Combustion Engine,0.400,0.400,0.400,2020,,True,august_generator2026.xlsx,https://www.eia.gov/electricity/data/eia860m/xls/august_generator2026.xlsx,2026-10-08T17:54:58+00:00
64899,GEN1,IC,Natural Gas Internal Combustion Engine,0.400,0.400,0.400,2020,,True,august_generator2026.xlsx,https://www.eia.gov/electricity/data/eia860m/xls/august_generator2026.xlsx,2026-10-08T17:54:58+00:00
64899,GEN2,IC,Natural Gas Internal Combustion Engine,0.400,0.400,0.400,2020,,True,august_generator2026.xlsx,https://www.eia.gov/electricity/data/eia860m/xls/august_generator2026.xlsx,2026-10-08T17:54:58+00:00
64899,GEN3,IC,Natural Gas Internal Combustion Engine,0.400,0.400,0.400,2020,,True,august_generator2026.xlsx,https://www.eia.gov/electricity/data/eia860m/xls/august_generator2026.xlsx,2026-10-08T17:54:58+00:00
64900,GEN1,IC,Natural Gas Internal Combustion Engine,0.400,0.400,0.400,2021,,True,august_generator2026.xlsx,https://www.eia.gov/electricity/data/eia860m/xls/august_generator2026.xlsx,2026-10-08T17:54:58+00:00
64900,GEN2,IC,Natural Gas Internal Combustion Engine,0.400,0.400,0.400,2021,,True,august_generator2026.xlsx,https://www.eia.gov/electricity/data/eia860m/xls/august_generator2026.xlsx,2026-10-08T17:54:58+00:00
64900,GEN3,IC,Natural Gas Internal Combustion Engine,0.400,0.400,0.400,2021,,True,august_generator2026.xlsx,https://www.eia.gov/electricity/data/eia860m/xls/august_generator2026.xlsx,2026-10-08T17:54:58+00:00
64901,GEN1,IC,Natural Gas Internal Combustion Engine,0.400,0.400,0.400,2021,,True,august_generator2026.xlsx,https://www.eia.gov/electricity/data/eia860m/xls/august_generator2026.xlsx,2026-10-08T17:54:58+00:00
64901,GEN2,IC,Natural Gas Internal Combustion Engine,0.400,0.400,0.400,2021,,True,august_generator2026.xlsx,https://www.eia.gov/electricity/data/eia860m/xls/august_generator2026.xlsx,2026-10-08T17:54:58+00:00
64901,GEN3,IC,Natural Gas Internal Combustion Engine,0.400,0.400,0.400,2021,,True,august_generator2026.xlsx,https://www.eia.gov/electricity/data/eia860m/xls/august_generator2026.xlsx,2026-10-08T17:54:58+00:00
64902,GEN1,IC,Natural Gas Internal Combustion Engine,0.400,0.400,0.400,2020,,True,august_generator2026.xlsx,https://www.eia.gov/electricity/data/eia860m/xls/august_generator2026.xlsx,2026-10-08T17:54:58+00:00
64902,GEN2,IC,Natural Gas Internal Combustion Engine,0.400,0.400,0.400,2020,,True,august_generator2026.xlsx,https://www.eia.gov/electricity/data/eia860m/xls/august_generator2026.xlsx,2026-10-08T17:54:58+00:00
64902,GEN3,IC,Natural Gas Internal Combustion Engine,0.400,0.400,0.400,2020,,True,august_generator2026.xlsx,https://www.eia.gov/electricity/data/eia860m/xls/august_generator2026.xlsx,2026-10-08T17:54:58+00:00
64922,GEN1,IC,Natural Gas Internal Combustion Engine,0.400,0.400,0.400,2022,,True,august_generator2026.xlsx,https://www.eia.gov/electricity/data/eia860m/xls/august_generator2026.xlsx,2026-10-08T17:54:58+00:00
64922,GEN2,IC,Natural Gas Internal Combustion Engine,0.400,0.400,0.400,2022,,True,august_generator2026.xlsx,https://www.eia.gov/electricity/data/eia860m/xls/august_generator2026.xlsx,2026-10-08T17:54:58+00:00
64922,GEN3,IC,Natural Gas Internal Combustion Engine,0.400,0.400,0.400,2022,,True,august_generator2026.xlsx,https://www.eia.gov/electricity/data/eia860m/xls/august_generator2026.xlsx,2026-10-08T17:54:58+00:00
64923,GEN1,IC,Natural Gas Internal Combustion Engine,0.400,0.400,0.400,2021,,True,august_generator2026.xlsx,https://www.eia.gov/electricity/data/eia860m/xls/august_generator2026.xlsx,2026-10-08T17:54:58+00:00
64923,GEN2,IC,Natural Gas Internal Combustion Engine,0.400,0.400,0.400,2021,,True,august_generator2026.xlsx,https://www.eia.gov/electricity/data/eia860m/xls/august_generator2026.xlsx,2026-10-08T17:54:58+00:00
64923,GEN3,IC,Natural Gas Internal Combustion Engine,0.400,0.400,0.400,2021,,True,august_generator2026.xlsx,https://www.eia.gov/electricity/data/eia860m/xls/august_generator2026.xlsx,2026-10-08T17:54:58+00:00
64924,GEN1,IC,Natural Gas Internal Combustion Engine,0.400,0.400,0.400,2021,,True,august_generator2026.xlsx,https://www.eia.gov/electricity/data/eia860m/xls/august_generator2026.xlsx,2026-10-08T17:54:58+00:00
64924,GEN2,IC,Natural Gas Internal Combustion Engine,0.400,0.400,0.400,2021,,True,august_generator2026.xlsx,https://www.eia.gov/electricity/data/eia860m/xls/august_generator2026.xlsx,2026-10-08T17:54:58+00:00
64924,GEN3,IC,Natural Gas Internal Combustion Engine,0.400,0.400,0.400,2021,,True,august_generator2026.xlsx,https://www.eia.gov/electricity/data/eia860m/xls/august_generator2026.xlsx,2026-10-08T17:54:58+00:00
64925,GEN1,IC,Natural Gas Internal Combustion Engine,0.400,0.400,0.400,2021,,True,august_generator2026.xlsx,https://www.eia.gov/electricity/data/eia860m/xls/august_generator2026.xlsx,2026-10-08T17:54:58+00:00
64925,GEN2,IC,Natural Gas Internal Combustion Engine,0.400,0.400,0.400,2021,,True,august_generator2026.xlsx,https://www.eia.gov/electricity/data/eia860m/xls/august_generator2026.xlsx,2026-10-08T17:54:58+00:00
64925,GEN3,IC,Natural Gas Internal Combustion Engine,0.400,0.400,0.400,2021,,True,august_generator2026.xlsx,https://www.eia.gov/electricity/data/eia860m/xls/august_generator2026.xlsx,2026-10-08T17:54:58+00:00
64926,GEN1,IC,Natural Gas Internal Combustion Engine,1.300,1.300,1.300,2019,,True,august_generator2026.xlsx,https://www.eia.gov/electricity/data/eia860m/xls/august_generator2026.xlsx,2026-10-08T17:54:58+00:00
64933,GEN1,IC,Natural Gas Internal Combustion Engine,0.400,0.400,0.400,2021,,True,august_generator2026.xlsx,https://www.eia.gov/electricity/data/eia860m/xls/august_generator2026.xlsx,2026-10-08T17:54:58+00:00
64933,GEN2,IC,Natural Gas Internal Combustion Engine,0.400,0.400,0.400,2021,,True,august_generator2026.xlsx,https://www.eia.gov/electricity/data/eia860m/xls/august_generator2026.xlsx,2026-10-08T17:54:58+00:00
64933,GEN3,IC,Natural Gas Internal Combustion Engine,0.400,0.400,0.400,2021,,True,august_generator2026.xlsx,https://www.eia.gov/electricity/data/eia860m/xls/august_generator2026.xlsx,2026-10-08T17:54:58+00:00
64934,GEN1,IC,Natural Gas Internal Combustion Engine,1.300,1.300,1.300,2019,,True,august_generator2026.xlsx,https://www.eia.gov/electricity/data/eia860m/xls/august_generator2026.xlsx,2026-10-08T17:54:58+00:00
64935,GEN1,IC,Natural Gas Internal Combustion Engine,0.400,0.400,0.400,2021,,True,august_generator2026.xlsx,https://www.eia.gov/electricity/data/eia860m/xls/august_generator2026.xlsx,2026-10-08T17:54:58+00:00
64935,GEN2,IC,Natural Gas Internal Combustion Engine,0.400,0.400,0.400,2021,,True,august_generator2026.xlsx,https://www.eia.gov/electricity/data/eia860m/xls/august_generator2026.xlsx,2026-10-08T17:54:58+00:00
64935,GEN3,IC,Natural Gas Internal Combustion Engine,0.400,0.400,0.400,2021,,True,august_generator2026.xlsx,https://www.eia.gov/electricity/data/eia860m/xls/august_generator2026.xlsx,2026-10-08T17:54:58+00:00
64936,GEN1,IC,Natural Gas Internal Combustion Engine,0.400,0.400,0.400,2020,,True,august_generator2026.xlsx,https://www.eia.gov/electricity/data/eia860m/xls/august_generator2026.xlsx,2026-10-08T17:54:58+00:00
64936,GEN2,IC,Natural Gas Internal Combustion Engine,0.400,0.400,0.400,2020,,True,august_generator2026.xlsx,https://www.eia.gov/electricity/data/eia860m/xls/august_generator2026.xlsx,2026-10-08T17:54:58+00:00
64936,GEN3,IC,Natural Gas Internal Combustion Engine,0.400,0.400,0.400,2020,,True,august_generator2026.xlsx,https://www.eia.gov/electricity/data/eia860m/xls/august_generator2026.xlsx,2026-10-08T17:54:58+00:00
64937,GEN1,IC,Natural Gas Internal Combustion Engine,0.400,0.400,0.400,2020,,True,august_generator2026.xlsx,https://www.eia.gov/electricity/data/eia860m/xls/august_generator2026.xlsx,2026-10-08T17:54:58+00:00
64937,GEN2,IC,Natural Gas Internal Combustion Engine,0.400,0.400,0.400,2020,,True,august_generator2026.xlsx,https://www.eia.gov/electricity/data/eia860m/xls/august_generator2026.xlsx,2026-10-08T17:54:58+00:00
64937,GEN3,IC,Natural Gas Internal Combustion Engine,0.400,0.400,0.400,2020,,True,august_generator2026.xlsx,https://www.eia.gov/electricity/data/eia860m/xls/august_generator2026.xlsx,2026-10-08T17:54:58+00:00
64939,GEN1,IC,Natural Gas Internal Combustion Engine,0.400,0.400,0.400,2020,,True,august_generator2026.xlsx,https://www.eia.gov/electricity/data/eia860m/xls/august_generator2026.xlsx,2026-10-08T17:54:58+00:00
64939,GEN2,IC,Natural Gas Internal Combustion Engine,0.400,0.400,0.400,2020,,True,august_generator2026.xlsx,https://www.eia.gov/electricity/data/eia860m/xls/august_generator2026.xlsx,2026-10-08T17:54:58+00:00
64939,GEN3,IC,Natural Gas Internal Combustion Engine,0.400,0.400,0.400,2020,,True,august_generator2026.xlsx,https://www.eia.gov/electricity/data/eia860m/xls/august_generator2026.xlsx,2026-10-08T17:54:58+00:00
64940,GEN1,IC,Natural Gas Internal Combustion Engine,0.400,0.400,0.400,2021,,True,august_generator2026.xlsx,https://www.eia.gov/electricity/data/eia860m/xls/august_generator2026.xlsx,2026-10-08T17:54:58+00:00
64940,GEN2,IC,Natural Gas Internal Combustion Engine,0.400,0.400,0.400,2021,,True,august_generator2026.xlsx,https://www.eia.gov/electricity/data/eia860m/xls/august_generator2026.xlsx,2026-10-08T17:54:58+00:00
64940,GEN3,IC,Natural Gas Internal Combustion Engine,0.400,0.400,0.400,2021,,True,august_generator2026.xlsx,https://www.eia.gov/electricity/data/eia860m/xls/august_generator2026.xlsx,2026-10-08T17:54:58+00:00
64942,GEN1,IC,Natural Gas Internal Combustion Engine,0.400,0.400,0.400,2021,,True,august_generator2026.xlsx,https://www.eia.gov/electricity/data/eia860m/xls/august_generator2026.xlsx,2026-10-08T17:54:58+00:00
64942,GEN2,IC,Natural Gas Internal Combustion Engine,0.400,0.400,0.400,2021,,True,august_generator2026.xlsx,https://www.eia.gov/electricity/data/eia860m/xls/august_generator2026.xlsx,2026-10-08T17:54:58+00:00
64942,GEN3,IC,Natural Gas Internal Combustion Engine,0.400,0.400,0.400,2021,,True,august_generator2026.xlsx,https://www.eia.gov/electricity/data/eia860m/xls/august_generator2026.xlsx,2026-10-08T17:54:58+00:00
64943,GEN1,IC,Natural Gas Internal Combustion Engine,0.400,0.400,0.400,2020,,True,august_generator2026.xlsx,https://www.eia.gov/electricity/data/eia860m/xls/august_generator2026.xlsx,2026-10-08T17:54:58+00:00
64943,GEN2,IC,Natural Gas Internal Combustion Engine,0.400,0.400,0.400,2020,,True,august_generator2026.xlsx,https://www.eia.gov/electricity/data/eia860m/xls/august_generator2026.xlsx,2026-10-08T17:54:58+00:00
64943,GEN3,IC,Natural Gas Internal Combustion Engine,0.400,0.400,0.400,2020,,True,august_generator2026.xlsx,https://www.eia.gov/electricity/data/eia860m/xls/august_generator2026.xlsx,2026-10-08T17:54:58+00:00
64944,GEN1,IC,Natural Gas Internal Combustion Engine,0.400,0.400,0.400,2020,,True,august_generator2026.xlsx,https://www.eia.gov/electricity/data/eia860m/xls/august_generator2026.xlsx,2026-10-08T17:54:58+00:00
64944,GEN2,IC,Natural Gas Internal Combustion Engine,0.400,0.400,0.400,2020,,True,august_generator2026.xlsx,https://www.eia.gov/electricity/data/eia860m/xls/august_generator2026.xlsx,2026-10-08T17:54:58+00:00
64944,GEN3,IC,Natural Gas Internal Combustion Engine,0.400,0.400,0.400,2020,,True,august_generator2026.xlsx,https://www.eia.gov/electricity/data/eia860m/xls/august_generator2026.xlsx,2026-10-08T17:54:58+00:00
64945,GEN1,IC,Natural Gas Internal Combustion Engine,0.400,0.400,0.400,2021,,True,august_generator2026.xlsx,https://www.eia.gov/electricity/data/eia860m/xls/august_generator2026.xlsx,2026-10-08T17:54:58+00:00
64945,GEN2,IC,Natural Gas Internal Combustion Engine,0.400,0.400,0.400,2021,,True,august_generator2026.xlsx,https://www.eia.gov/electricity/data/eia860m/xls/august_generator2026.xlsx,2026-10-08T17:54:58+00:00
64945,GEN3,IC,Natural Gas Internal Combustion Engine,0.400,0.400,0.400,2021,,True,august_generator2026.xlsx,https://www.eia.gov/electricity/data/eia860m/xls/august_generator2026.xlsx,2026-10-08T17:54:58+00:00
64946,GEN1,IC,Natural Gas Internal Combustion Engine,0.400,0.400,0.400,2019,,True,august_generator2026.xlsx,https://www.eia.gov/electricity/data/eia860m/xls/august_generator2026.xlsx,2026-10-08T17:54:58+00:00
64946,GEN2,IC,Natural Gas Internal Combustion Engine,0.400,0.400,0.400,2019,,True,august_generator2026.xlsx,https://www.eia.gov/electricity/data/eia860m/xls/august_generator2026.xlsx,2026-10-08T17:54:58+00:00
64946,GEN3,IC,Natural Gas Internal Combustion Engine,0.400,0.400,0.400,2019,,True,august_generator2026.xlsx,https://www.eia.gov/electricity/data/eia860m/xls/august_generator2026.xlsx,2026-10-08T17:54:58+00:00
64947,GEN1,IC,Natural Gas Internal Combustion Engine,0.400,0.400,0.400,2020,,True,august_generator2026.xlsx,https://www.eia.gov/electricity/data/eia860m/xls/august_generator2026.xlsx,2026-10-08T17:54:58+00:00
64947,GEN2,IC,Natural Gas Internal Combustion Engine,0.400,0.400,0.400,2020,,True,august_generator2026.xlsx,https://www.eia.gov/electricity/data/eia860m/xls/august_generator2026.xlsx,2026-10-08T17:54:58+00:00
64947,GEN3,IC,Natural Gas Internal Combustion Engine,0.400,0.400,0.400,2020,,True,august_generator2026.xlsx,https://www.eia.gov/electricity/data/eia860m/xls/august_generator2026.xlsx,2026-10-08T17:54:58+00:00
64948,GEN1,IC,Natural Gas Internal Combustion Engine,0.400,0.400,0.400,2022,,True,august_generator2026.xlsx,https://www.eia.gov/electricity/data/eia860m/xls/august_generator2026.xlsx,2026-10-08T17:54:58+00:00
64948,GEN2,IC,Natural Gas Internal Combustion Engine,0.400,0.400,0.400,2022,,True,august_generator2026.xlsx,https://www.eia.gov/electricity/data/eia860m/xls/august_generator2026.xlsx,2026-10-08T17:54:58+00:00
64948,GEN3,IC,Natural Gas Internal Combustion Engine,0.400,0.400,0.400,2022,,True,august_generator2026.xlsx,https://www.eia.gov/electricity/data/eia860m/xls/august_generator2026.xlsx,2026-10-08T17:54:58+00:00
64949,GEN1,IC,Natural Gas Internal Combustion Engine,0.400,0.400,0.400,2020,,True,august_generator2026.xlsx,https://www.eia.gov/electricity/data/eia860m/xls/august_generator2026.xlsx,2026-10-08T17:54:58+00:00
64949,GEN2,IC,Natural Gas Internal Combustion Engine,0.400,0.400,0.400,2020,,True,august_generator2026.xlsx,https://www.eia.gov/electricity/data/eia860m/xls/august_generator2026.xlsx,2026-10-08T17:54:58+00:00
64949,GEN3,IC,Natural Gas Internal Combustion Engine,0.400,0.400,0.400,2020,,True,august_generator2026.xlsx,https://www.eia.gov/electricity/data/eia860m/xls/august_generator2026.xlsx,2026-10-08T17:54:58+00:00
64950,GEN1,IC,Natural Gas Internal Combustion Engine,0.400,0.400,0.400,2020,,True,august_generator2026.xlsx,https://www.eia.gov/electricity/data/eia860m/xls/august_generator2026.xlsx,2026-10-08T17:54:58+00:00
64950,GEN2,IC,Natural Gas Internal Combustion Engine,0.400,0.400,0.400,2020,,True,august_generator2026.xlsx,https://www.eia.gov/electricity/data/eia860m/xls/august_generator2026.xlsx,2026-10-08T17:54:58+00:00
64950,GEN3,IC,Natural Gas Internal Combustion Engine,0.400,0.400,0.400,2020,,True,august_generator2026.xlsx,https://www.eia.gov/electricity/data/eia860m/xls/august_generator2026.xlsx,2026-10-08T17:54:58+00:00
64951,GEN1,IC,Natural Gas Internal Combustion Engine,0.400,0.400,0.400,2021,,True,august_generator2026.xlsx,https://www.eia.gov/electricity/data/eia860m/xls/august_generator2026.xlsx,2026-10-08T17:54:58+00:00
64951,GEN2,IC,Natural Gas Internal Combustion Engine,0.400,0.400,0.400,2021,,True,august_generator2026.xlsx,https://www.eia.gov/electricity/data/eia860m/xls/august_generator2026.xlsx,2026-10-08T17:54:58+00:00
64951,GEN3,IC,Natural Gas Internal Combustion Engine,0.400,0.400,0.400,2021,,True,august_generator2026.xlsx,https://www.eia.gov/electricity/data/eia860m/xls/august_generator2026.xlsx,2026-10-08T17:54:58+00:00
64953,GE N3,IC,Natural Gas Internal Combustion Engine,0.400,0.400,0.400,2020,,True,august_generator2026.xlsx,https://www.eia.gov/electricity/data/eia860m/xls/august_generator2026.xlsx,2026-10-08T17:54:58+00:00
64953,GEN1,IC,Natural Gas Internal Combustion Engine,0.400,0.400,0.400,2020,,True,august_generator2026.xlsx,https://www.eia.gov/electricity/data/eia860m/xls/august_generator2026.xlsx,2026-10-08T17:54:58+00:00
64953,GEN2,IC,Natural Gas Internal Combustion Engine,0.400,0.400,0.400,2020,,True,august_generator2026.xlsx,https://www.eia.gov/electricity/data/eia860m/xls/august_generator2026.xlsx,2026-10-08T17:54:58+00:00
64955,GEN1,IC,Natural Gas Internal Combustion Engine,0.400,0.400,0.400,2021,,True,august_generator2026.xlsx,https://www.eia.gov/electricity/data/eia860m/xls/august_generator2026.xlsx,2026-10-08T17:54:58+00:00
64955,GEN2,IC,Natural Gas Internal Combustion Engine,0.400,0.400,0.400,2021,,True,august_generator2026.xlsx,https://www.eia.gov/electricity/data/eia860m/xls/august_generator2026.xlsx,2026-10-08T17:54:58+00:00
64955,GEN3,IC,Natural Gas Internal Combustion Engine,0.400,0.400,0.400,2021,,True,august_generator2026.xlsx,https://www.eia.gov/electricity/data/eia860m/xls/august_generator2026.xlsx,2026-10-08T17:54:58+00:00
64956,GEN1,IC,Natural Gas Internal Combustion Engine,0.400,0.400,0.400,2020,,True,august_generator2026.xlsx,https://www.eia.gov/electricity/data/eia860m/xls/august_generator2026.xlsx,2026-10-08T17:54:58+00:00
64956,GEN2,IC,Natural Gas Internal Combustion Engine,0.400,0.400,0.400,2020,,True,august_generator2026.xlsx,https://www.eia.gov/electricity/data/eia860m/xls/august_generator2026.xlsx,2026-10-08T17:54:58+00:00
64956,GEN3,IC,Natural Gas Internal Combustion Engine,0.400,0.400,0.400,2020,,True,august_generator2026.xlsx,https://www.eia.gov/electricity/data/eia860m/xls/august_generator2026.xlsx,2026-10-08T17:54:58+00:00
64957,GEN1,IC,Natural Gas Internal Combustion Engine,1.300,1.300,1.300,2020,,True,august_generator2026.xlsx,https://www.eia.gov/electricity/data/eia860m/xls/august_generator2026.xlsx,2026-10-08T17:54:58+00:00
64958,GEN1,IC,Natural Gas Internal Combustion Engine,0.400,0.400,0.400,2021,,True,august_generator2026.xlsx,https://www.eia.gov/electricity/data/eia860m/xls/august_generator2026.xlsx,2026-10-08T17:54:58+00:00
64958,GEN2,IC,Natural Gas Internal Combustion Engine,0.400,0.400,0.400,2021,,True,august_generator2026.xlsx,https://www.eia.gov/electricity/data/eia860m/xls/august_generator2026.xlsx,2026-10-08T17:54:58+00:00
64958,GEN3,IC,Natural Gas Internal Combustion Engine,0.400,0.400,0.400,2021,,True,august_generator2026.xlsx,https://www.eia.gov/electricity/data/eia860m/xls/august_generator2026.xlsx,2026-10-08T17:54:58+00:00
64959,GEN1,IC,Natural Gas Internal Combustion Engine,0.400,0.400,0.400,2021,,True,august_generator2026.xlsx,https://www.eia.gov/electricity/data/eia860m/xls/august_generator2026.xlsx,2026-10-08T17:54:58+00:00
64959,GEN2,IC,Natural Gas Internal Combustion Engine,0.400,0.400,0.400,2021,,True,august_generator2026.xlsx,https://www.eia.gov/electricity/data/eia860m/xls/august_generator2026.xlsx,2026-10-08T17:54:58+00:00
64959,GEN3,IC,Natural Gas Internal Combustion Engine,0.400,0.400,0.400,2021,,True,august_generator2026.xlsx,https://www.eia.gov/electricity/data/eia860m/xls/august_generator2026.xlsx,2026-10-08T17:54:58+00:00
64960,GEN1,IC,Natural Gas Internal Combustion Engine,0.400,0.400,0.400,2021,,True,august_generator2026.xlsx,https://www.eia.gov/electricity/data/eia860m/xls/august_generator2026.xlsx,2026-10-08T17:54:58+00:00
64960,GEN2,IC,Natural Gas Internal Combustion Engine,0.400,0.400,0.400,2021,,True,august_generator2026.xlsx,https://www.eia.gov/electricity/data/eia860m/xls/august_generator2026.xlsx,2026-10-08T17:54:58+00:00
64960,GEN3,IC,Natural Gas Internal Combustion Engine,0.400,0.400,0.400,2021,,True,august_generator2026.xlsx,https://www.eia.gov/electricity/data/eia860m/xls/august_generator2026.xlsx,2026-10-08T17:54:58+00:00
64961,GEN1,IC,Natural Gas Internal Combustion Engine,0.400,0.400,0.400,2021,,True,august_generator2026.xlsx,https://www.eia.gov/electricity/data/eia860m/xls/august_generator2026.xlsx,2026-10-08T17:54:58+00:00
64961,GEN2,IC,Natural Gas Internal Combustion Engine,0.400,0.400,0.400,2021,,True,august_generator2026.xlsx,https://www.eia.gov/electricity/data/eia860m/xls/august_generator2026.xlsx,2026-10-08T17:54:58+00:00
64961,GEN3,IC,Natural Gas Internal Combustion Engine,0.400,0.400,0.400,2021,,True,august_generator2026.xlsx,https://www.eia.gov/electricity/data/eia860m/xls/august_generator2026.xlsx,2026-10-08T17:54:58+00:00
64962,GEN1,IC,Natural Gas Internal Combustion Engine,0.400,0.400,0.400,2021,,True,august_generator2026.xlsx,https://www.eia.gov/electricity/data/eia860m/xls/august_generator2026.xlsx,2026-10-08T17:54:58+00:00
64962,GEN2,IC,Natural Gas Internal Combustion Engine,0.400,0.400,0.400,2021,,True,august_generator2026.xlsx,https://www.eia.gov/electricity/data/eia860m/xls/august_generator2026.xlsx,2026-10-08T17:54:58+00:00
64962,GEN3,IC,Natural Gas Internal Combustion Engine,0.400,0.400,0.400,2021,,True,august_generator2026.xlsx,https://www.eia.gov/electricity/data/eia860m/xls/august_generator2026.xlsx,2026-10-08T17:54:58+00:00
64963,GEN1,IC,Natural Gas Internal Combustion Engine,0.400,0.400,0.400,2020,,True,august_generator2026.xlsx,https://www.eia.gov/electricity/data/eia860m/xls/august_generator2026.xlsx,2026-10-08T17:54:58+00:00
64963,GEN2,IC,Natural Gas Internal Combustion Engine,0.400,0.400,0.400,2020,,True,august_generator2026.xlsx,https://www.eia.gov/electricity/data/eia860m/xls/august_generator2026.xlsx,2026-10-08T17:54:58+00:00
64963,GEN3,IC,Natural Gas Internal Combustion Engine,0.400,0.400,0.400,2020,,True,august_generator2026.xlsx,https://www.eia.gov/electricity/data/eia860m/xls/august_generator2026.xlsx,2026-10-08T17:54:58+00:00
65026,H2921,IC,Natural Gas Internal Combustion Engine,0.400,0.400,0.400,2016,,True,august_generator2026.xlsx,https://www.eia.gov/electricity/data/eia860m/xls/august_generator2026.xlsx,2026-10-08T17:54:58+00:00
65026,H2922,IC,Natural Gas Internal Combustion Engine,0.400,0.400,0.400,2016,,True,august_generator2026.xlsx,https://www.eia.gov/electricity/data/eia860m/xls/august_generator2026.xlsx,2026-10-08T17:54:58+00:00
65026,H2923,IC,Natural Gas Internal Combustion Engine,0.400,0.400,0.400,2016,,True,august_generator2026.xlsx,https://www.eia.gov/electricity/data/eia860m/xls/august_generator2026.xlsx,2026-10-08T17:54:58+00:00
65261,H0201,IC,Natural Gas Internal Combustion Engine,0.400,0.400,0.400,2018,,True,august_generator2026.xlsx,https://www.eia.gov/electricity/data/eia860m/xls/august_generator2026.xlsx,2026-10-08T17:54:58+00:00
65261,H0202,IC,Natural Gas Internal Combustion Engine,0.400,0.400,0.400,2018,,True,august_generator2026.xlsx,https://www.eia.gov/electricity/data/eia860m/xls/august_generator2026.xlsx,2026-10-08T17:54:58+00:00
65261,H0203,IC,Natural Gas Internal Combustion Engine,0.400,0.400,0.400,2018,,True,august_generator2026.xlsx,https://www.eia.gov/electricity/data/eia860m/xls/august_generator2026.xlsx,2026-10-08T17:54:58+00:00
65262,H0281,IC,Natural Gas Internal Combustion Engine,0.400,0.400,0.400,2017,,True,august_generator2026.xlsx,https://www.eia.gov/electricity/data/eia860m/xls/august_generator2026.xlsx,2026-10-08T17:54:58+00:00
65262,H0282,IC,Natural Gas Internal Combustion Engine,0.400,0.400,0.400,2017,,True,august_generator2026.xlsx,https://www.eia.gov/electricity/data/eia860m/xls/august_generator2026.xlsx,2026-10-08T17:54:58+00:00
65262,H0283,IC,Natural Gas Internal Combustion Engine,0.400,0.400,0.400,2017,,True,august_generator2026.xlsx,https://www.eia.gov/electricity/data/eia860m/xls/august_generator2026.xlsx,2026-10-08T17:54:58+00:00
65263,H0381,IC,Natural Gas Internal Combustion Engine,0.400,0.400,0.400,2018,,True,august_generator2026.xlsx,https://www.eia.gov/electricity/data/eia860m/xls/august_generator2026.xlsx,2026-10-08T17:54:58+00:00
65263,H0382,IC,Natural Gas Internal Combustion Engine,0.400,0.400,0.400,2018,,True,august_generator2026.xlsx,https://www.eia.gov/electricity/data/eia860m/xls/august_generator2026.xlsx,2026-10-08T17:54:58+00:00
65263,H0383,IC,Natural Gas Internal Combustion Engine,0.400,0.400,0.400,2018,,True,august_generator2026.xlsx,https://www.eia.gov/electricity/data/eia860m/xls/august_generator2026.xlsx,2026-10-08T17:54:58+00:00
65264,H0541,IC,Natural Gas Internal Combustion Engine,0.400,0.400,0.400,2018,,True,august_generator2026.xlsx,https://www.eia.gov/electricity/data/eia860m/xls/august_generator2026.xlsx,2026-10-08T17:54:58+00:00
65264,H0542,IC,Natural Gas Internal Combustion Engine,0.400,0.400,0.400,2018,,True,august_generator2026.xlsx,https://www.eia.gov/electricity/data/eia860m/xls/august_generator2026.xlsx,2026-10-08T17:54:58+00:00
65264,H0543,IC,Natural Gas Internal Combustion Engine,0.400,0.400,0.400,2018,,True,august_generator2026.xlsx,https://www.eia.gov/electricity/data/eia860m/xls/august_generator2026.xlsx,2026-10-08T17:54:58+00:00
65265,H0571,IC,Natural Gas Internal Combustion Engine,0.400,0.400,0.400,2017,,True,august_generator2026.xlsx,https://www.eia.gov/electricity/data/eia860m/xls/august_generator2026.xlsx,2026-10-08T17:54:58+00:00
65265,H0572,IC,Natural Gas Internal Combustion Engine,0.400,0.400,0.400,2017,,True,august_generator2026.xlsx,https://www.eia.gov/electricity/data/eia860m/xls/august_generator2026.xlsx,2026-10-08T17:54:58+00:00
65265,H0573,IC,Natural Gas Internal Combustion Engine,0.400,0.400,0.400,2017,,True,august_generator2026.xlsx,https://www.eia.gov/electricity/data/eia860m/xls/august_generator2026.xlsx,2026-10-08T17:54:58+00:00
65266,H0701,IC,Natural Gas Internal Combustion Engine,0.400,0.400,0.400,2018,,True,august_generator2026.xlsx,https://www.eia.gov/electricity/data/eia860m/xls/august_generator2026.xlsx,2026-10-08T17:54:58+00:00
65266,H0702,IC,Natural Gas Internal Combustion Engine,0.400,0.400,0.400,2018,,True,august_generator2026.xlsx,https://www.eia.gov/electricity/data/eia860m/xls/august_generator2026.xlsx,2026-10-08T17:54:58+00:00
65266,H0703,IC,Natural Gas Internal Combustion Engine,0.400,0.400,0.400,2018,,True,august_generator2026.xlsx,https://www.eia.gov/electricity/data/eia860m/xls/august_generator2026.xlsx,2026-10-08T17:54:58+00:00
65267,H0991,IC,Natural Gas Internal Combustion Engine,0.400,0.400,0.400,2017,,True,august_generator2026.xlsx,https://www.eia.gov/electricity/data/eia860m/xls/august_generator2026.xlsx,2026-10-08T17:54:58+00:00
65267,H0992,IC,Natural Gas Internal Combustion Engine,0.400,0.400,0.400,2017,,True,august_generator2026.xlsx,https://www.eia.gov/electricity/data/eia860m/xls/august_generator2026.xlsx,2026-10-08T17:54:58+00:00
65267,H0993,IC,Natural Gas Internal Combustion Engine,0.400,0.400,0.400,2017,,True,august_generator2026.xlsx,https://www.eia.gov/electricity/data/eia860m/xls/august_generator2026.xlsx,2026-10-08T17:54:58+00:00
65268,H1091,IC,Natural Gas Internal Combustion Engine,0.400,0.400,0.400,2018,,True,august_generator2026.xlsx,https://www.eia.gov/electricity/data/eia860m/xls/august_generator2026.xlsx,2026-10-08T17:54:58+00:00
65268,H1092,IC,Natural Gas Internal Combustion Engine,0.400,0.400,0.400,2018,,True,august_generator2026.xlsx,https://www.eia.gov/electricity/data/eia860m/xls/august_generator2026.xlsx,2026-10-08T17:54:58+00:00
65268,H1093,IC,Natural Gas Internal Combustion Engine,0.400,0.400,0.400,2018,,True,august_generator2026.xlsx,https://www.eia.gov/electricity/data/eia860m/xls/august_generator2026.xlsx,2026-10-08T17:54:58+00:00
65269,H1101,IC,Natural Gas Internal Combustion Engine,0.400,0.400,0.400,2017,,True,august_generator2026.xlsx,https://www.eia.gov/electricity/data/eia860m/xls/august_generator2026.xlsx,2026-10-08T17:54:58+00:00
65269,H1102,IC,Natural Gas Internal Combustion Engine,0.400,0.400,0.400,2017,,True,august_generator2026.xlsx,https://www.eia.gov/electricity/data/eia860m/xls/august_generator2026.xlsx,2026-10-08T17:54:58+00:00
65269,H1103,IC,Natural Gas Internal Combustion Engine,0.400,0.400,0.400,2017,,True,august_generator2026.xlsx,https://www.eia.gov/electricity/data/eia860m/xls/august_generator2026.xlsx,2026-10-08T17:54:58+00:00
65274,H1821,IC,Natural Gas Internal Combustion Engine,0.400,0.400,0.400,2018,,True,august_generator2026.xlsx,https://www.eia.gov/electricity/data/eia860m/xls/august_generator2026.xlsx,2026-10-08T17:54:58+00:00
65274,H1822,IC,Natural Gas Internal Combustion Engine,0.400,0.400,0.400,2018,,True,august_generator2026.xlsx,https://www.eia.gov/electricity/data/eia860m/xls/august_generator2026.xlsx,2026-10-08T17:54:58+00:00
65274,H1823,IC,Natural Gas Internal Combustion Engine,0.400,0.400,0.400,2018,,True,august_generator2026.xlsx,https://www.eia.gov/electricity/data/eia860m/xls/august_generator2026.xlsx,2026-10-08T17:54:58+00:00
65372,CTG-1,GT,Natural Gas Fired Combustion Turbine,60.500,44.600,49.800,2022,,True,august_generator2026.xlsx,https://www.eia.gov/electricity/data/eia860m/xls/august_generator2026.xlsx,2026-10-08T17:54:58+00:00
65372,CTG-2,GT,Natural Gas Fired Combustion Turbine,60.500,44.600,49.800,2022,,True,august_generator2026.xlsx,https://www.eia.gov/electricity/data/eia860m/xls/august_generator2026.xlsx,2026-10-08T17:54:58+00:00
65372,CTG-3,GT,Natural Gas Fired Combustion Turbine,60.500,44.600,49.800,2022,,True,august_generator2026.xlsx,https://www.eia.gov/electricity/data/eia860m/xls/august_generator2026.xlsx,2026-10-08T17:54:58+00:00
65372,CTG-4,GT,Natural Gas Fired Combustion Turbine,60.500,44.600,49.800,2022,,True,august_generator2026.xlsx,https://www.eia.gov/electricity/data/eia860m/xls/august_generator2026.xlsx,2026-10-08T17:54:58+00:00
65372,CTG-5,GT,Natural Gas Fired Combustion Turbine,60.500,44.600,49.800,2022,,True,august_generator2026.xlsx,https://www.eia.gov/electricity/data/eia860m/xls/august_generator2026.xlsx,2026-10-08T17:54:58+00:00
65372,CTG-6,GT,Natural Gas Fired Combustion Turbine,60.500,44.600,49.800,2022,,True,august_generator2026.xlsx,https://www.eia.gov/electricity/data/eia860m/xls/august_generator2026.xlsx,2026-10-08T17:54:58+00:00
65372,CTG-7,GT,Natural Gas Fired Combustion Turbine,60.500,44.600,49.800,2024,,True,august_generator2026.xlsx,https://www.eia.gov/electricity/data/eia860m/xls/august_generator2026.xlsx,2026-10-08T17:54:58+00:00
65372,CTG-8,GT,Natural Gas Fired Combustion Turbine,60.500,44.600,49.800,2024,,True,august_generator2026.xlsx,https://www.eia.gov/electricity/data/eia860m/xls/august_generator2026.xlsx,2026-10-08T17:54:58+00:00
65373,CTG-1,GT,Natural Gas Fired Combustion Turbine,60.500,44.600,49.800,2023,,True,august_generator2026.xlsx,https://www.eia.gov/electricity/data/eia860m/xls/august_generator2026.xlsx,2026-10-08T17:54:58+00:00
65373,CTG-2,GT,Natural Gas Fired Combustion Turbine,60.500,44.600,49.800,2023,,True,august_generator2026.xlsx,https://www.eia.gov/electricity/data/eia860m/xls/august_generator2026.xlsx,2026-10-08T17:54:58+00:00
65373,CTG-3,GT,Natural Gas Fired Combustion Turbine,60.500,44.600,49.800,2023,,True,august_generator2026.xlsx,https://www.eia.gov/electricity/data/eia860m/xls/august_generator2026.xlsx,2026-10-08T17:54:58+00:00
65373,CTG-4,GT,Natural Gas Fired Combustion Turbine,60.500,44.600,49.800,2023,,True,august_generator2026.xlsx,https://www.eia.gov/electricity/data/eia860m/xls/august_generator2026.xlsx,2026-10-08T17:54:58+00:00
65373,CTG-5,GT,Natural Gas Fired Combustion Turbine,60.500,44.600,49.800,2023,,True,august_generator2026.xlsx,https://www.eia.gov/electricity/data/eia860m/xls/august_generator2026.xlsx,2026-10-08T17:54:58+00:00
65373,CTG-6,GT,Natural Gas Fired Combustion Turbine,60.500,44.600,49.800,2023,,True,august_generator2026.xlsx,https://www.eia.gov/electricity/data/eia860m/xls/august_generator2026.xlsx,2026-10-08T17:54:58+00:00
65373,CTG-7,GT,Natural Gas Fired Combustion Turbine,60.500,44.600,49.800,2023,,True,august_generator2026.xlsx,https://www.eia.gov/electricity/data/eia860m/xls/august_generator2026.xlsx,2026-10-08T17:54:58+00:00
65373,CTG-8,GT,Natural Gas Fired Combustion Turbine,60.500,44.600,49.800,2023,,True,august_generator2026.xlsx,https://www.eia.gov/electricity/data/eia860m/xls/august_generator2026.xlsx,2026-10-08T17:54:58+00:00
66335,G1,IC,Natural Gas Internal Combustion Engine,18.000,18.000,18.000,2025,,True,august_generator2026.xlsx,https://www.eia.gov/electricity/data/eia860m/xls/august_generator2026.xlsx,2026-10-08T17:54:58+00:00
66335,G10,IC,Natural Gas Internal Combustion Engine,18.000,18.000,18.000,2025,,True,august_generator2026.xlsx,https://www.eia.gov/electricity/data/eia860m/xls/august_generator2026.xlsx,2026-10-08T17:54:58+00:00
66335,G11,IC,Natural Gas Internal Combustion Engine,18.800,18.600,18.600,2026,,True,august_generator2026.xlsx,https://www.eia.gov/electricity/data/eia860m/xls/august_generator2026.xlsx,2026-10-08T17:54:58+00:00
66335,G12,IC,Natural Gas Internal Combustion Engine,18.800,18.600,18.600,2026,,True,august_generator2026.xlsx,https://www.eia.gov/electricity/data/eia860m/xls/august_generator2026.xlsx,2026-10-08T17:54:58+00:00
66335,G13,IC,Natural Gas Internal Combustion Engine,18.800,18.600,18.600,2026,,True,august_generator2026.xlsx,https://www.eia.gov/electricity/data/eia860m/xls/august_generator2026.xlsx,2026-10-08T17:54:58+00:00
66335,G14,IC,Natural Gas Internal Combustion Engine,18.800,18.600,18.600,2026,,True,august_generator2026.xlsx,https://www.eia.gov/electricity/data/eia860m/xls/august_generator2026.xlsx,2026-10-08T17:54:58+00:00
66335,G15,IC,Natural Gas Internal Combustion Engine,18.800,18.600,18.600,2026,,True,august_generator2026.xlsx,https://www.eia.gov/electricity/data/eia860m/xls/august_generator2026.xlsx,2026-10-08T17:54:58+00:00
66335,G16,IC,Natural Gas Internal Combustion Engine,18.800,18.600,18.600,2026,,True,august_generator2026.xlsx,https://www.eia.gov/electricity/data/eia860m/xls/august_generator2026.xlsx,2026-10-08T17:54:58+00:00
66335,G17,IC,Natural Gas Internal Combustion Engine,18.800,18.600,18.600,2026,,True,august_generator2026.xlsx,https://www.eia.gov/electricity/data/eia860m/xls/august_generator2026.xlsx,2026-10-08T17:54:58+00:00
66335,G18,IC,Natural Gas Internal Combustion Engine,18.800,18.600,18.600,2026,,True,august_generator2026.xlsx,https://www.eia.gov/electricity/data/eia860m/xls/august_generator2026.xlsx,2026-10-08T17:54:58+00:00
66335,G19,IC,Natural Gas Internal Combustion Engine,18.800,18.600,18.600,2026,,True,august_generator2026.xlsx,https://www.eia.gov/electricity/data/eia860m/xls/august_generator2026.xlsx,2026-10-08T17:54:58+00:00
66335,G2,IC,Natural Gas Internal Combustion Engine,18.000,18.000,18.000,2025,,True,august_generator2026.xlsx,https://www.eia.gov/electricity/data/eia860m/xls/august_generator2026.xlsx,2026-10-08T17:54:58+00:00
66335,G20,IC,Natural Gas Internal Combustion Engine,18.800,18.600,18.600,2026,,True,august_generator2026.xlsx,https://www.eia.gov/electricity/data/eia860m/xls/august_generator2026.xlsx,2026-10-08T17:54:58+00:00
66335,G3,IC,Natural Gas Internal Combustion Engine,18.000,18.000,18.000,2025,,True,august_generator2026.xlsx,https://www.eia.gov/electricity/data/eia860m/xls/august_generator2026.xlsx,2026-10-08T17:54:58+00:00
66335,G4,IC,Natural Gas Internal Combustion Engine,18.000,18.000,18.000,2025,,True,august_generator2026.xlsx,https://www.eia.gov/electricity/data/eia860m/xls/august_generator2026.xlsx,2026-10-08T17:54:58+00:00
66335,G5,IC,Natural Gas Internal Combustion Engine,18.000,18.000,18.000,2025,,True,august_generator2026.xlsx,https://www.eia.gov/electricity/data/eia860m/xls/august_generator2026.xlsx,2026-10-08T17:54:58+00:00
66335,G6,IC,Natural Gas Internal Combustion Engine,18.000,18.000,18.000,2025,,True,august_generator2026.xlsx,https://www.eia.gov/electricity/data/eia860m/xls/august_generator2026.xlsx,2026-10-08T17:54:58+00:00
66335,G7,IC,Natural Gas Internal Combustion Engine,18.000,18.000,18.000,2025,,True,august_generator2026.xlsx,https://www.eia.gov/electricity/data/eia860m/xls/august_generator2026.xlsx,2026-10-08T17:54:58+00:00
66335,G8,IC,Natural Gas Internal Combustion Engine,18.000,18.000,18.000,2025,,True,august_generator2026.xlsx,https://www.eia.gov/electricity/data/eia860m/xls/august_generator2026.xlsx,2026-10-08T17:54:58+00:00
66335,G9,IC,Natural Gas Internal Combustion Engine,18.000,18.000,18.000,2025,,True,august_generator2026.xlsx,https://www.eia.gov/electricity/data/eia860m/xls/august_generator2026.xlsx,2026-10-08T17:54:58+00:00
66549,H0631,IC,Natural Gas Internal Combustion Engine,0.400,0.400,0.400,2017,,True,august_generator2026.xlsx,https://www.eia.gov/electricity/data/eia860m/xls/august_generator2026.xlsx,2026-10-08T17:54:58+00:00
66549,H0632,IC,Natural Gas Internal Combustion Engine,0.400,0.400,0.400,2017,,True,august_generator2026.xlsx,https://www.eia.gov/electricity/data/eia860m/xls/august_generator2026.xlsx,2026-10-08T17:54:58+00:00
66549,H0633,IC,Natural Gas Internal Combustion Engine,0.400,0.400,0.400,2017,,True,august_generator2026.xlsx,https://www.eia.gov/electricity/data/eia860m/xls/august_generator2026.xlsx,2026-10-08T17:54:58+00:00
66549,H0634,IC,Natural Gas Internal Combustion Engine,0.400,0.400,0.400,2017,,True,august_generator2026.xlsx,https://www.eia.gov/electricity/data/eia860m/xls/august_generator2026.xlsx,2026-10-08T17:54:58+00:00
66550,H0691,IC,Natural Gas Internal Combustion Engine,0.400,0.400,0.400,2017,,True,august_generator2026.xlsx,https://www.eia.gov/electricity/data/eia860m/xls/august_generator2026.xlsx,2026-10-08T17:54:58+00:00
66550,H0692,IC,Natural Gas Internal Combustion Engine,0.400,0.400,0.400,2017,,True,august_generator2026.xlsx,https://www.eia.gov/electricity/data/eia860m/xls/august_generator2026.xlsx,2026-10-08T17:54:58+00:00
66550,H0693,IC,Natural Gas Internal Combustion Engine,0.400,0.400,0.400,2017,,True,august_generator2026.xlsx,https://www.eia.gov/electricity/data/eia860m/xls/august_generator2026.xlsx,2026-10-08T17:54:58+00:00
66550,H0694,IC,Natural Gas Internal Combustion Engine,0.400,0.400,0.400,2017,,True,august_generator2026.xlsx,https://www.eia.gov/electricity/data/eia860m/xls/august_generator2026.xlsx,2026-10-08T17:54:58+00:00
66561,B0401,IC,Natural Gas Internal Combustion Engine,0.400,0.400,0.400,2017,,True,august_generator2026.xlsx,https://www.eia.gov/electricity/data/eia860m/xls/august_generator2026.xlsx,2026-10-08T17:54:58+00:00
66561,B0402,IC,Natural Gas Internal Combustion Engine,0.400,0.400,0.400,2017,,True,august_generator2026.xlsx,https://www.eia.gov/electricity/data/eia860m/xls/august_generator2026.xlsx,2026-10-08T17:54:58+00:00
66561,B0403,IC,Natural Gas Internal Combustion Engine,0.400,0.400,0.400,2017,,True,august_generator2026.xlsx,https://www.eia.gov/electricity/data/eia860m/xls/august_generator2026.xlsx,2026-10-08T17:54:58+00:00
66561,B0404,IC,Natural Gas Internal Combustion Engine,0.400,0.400,0.400,2017,,True,august_generator2026.xlsx,https://www.eia.gov/electricity/data/eia860m/xls/august_generator2026.xlsx,2026-10-08T17:54:58+00:00
66562,H5911,IC,Natural Gas Internal Combustion Engine,0.400,0.400,0.400,2018,,True,august_generator2026.xlsx,https://www.eia.gov/electricity/data/eia860m/xls/august_generator2026.xlsx,2026-10-08T17:54:58+00:00
66562,H5912,IC,Natural Gas Internal Combustion Engine,0.400,0.400,0.400,2018,,True,august_generator2026.xlsx,https://www.eia.gov/electricity/data/eia860m/xls/august_generator2026.xlsx,2026-10-08T17:54:58+00:00
66562,H5913,IC,Natural Gas Internal Combustion Engine,0.400,0.400,0.400,2018,,True,august_generator2026.xlsx,https://www.eia.gov/electricity/data/eia860m/xls/august_generator2026.xlsx,2026-10-08T17:54:58+00:00
66562,H5914,IC,Natural Gas Internal Combustion Engine,0.400,0.400,0.400,2018,,True,august_generator2026.xlsx,https://www.eia.gov/electricity/data/eia860m/xls/august_generator2026.xlsx,2026-10-08T17:54:58+00:00
66563,H0921,IC,Natural Gas Internal Combustion Engine,0.400,0.400,0.400,2018,,True,august_generator2026.xlsx,https://www.eia.gov/electricity/data/eia860m/xls/august_generator2026.xlsx,2026-10-08T17:54:58+00:00
66563,H0922,IC,Natural Gas Internal Combustion Engine,0.400,0.400,0.400,2018,,True,august_generator2026.xlsx,https://www.eia.gov/electricity/data/eia860m/xls/august_generator2026.xlsx,2026-10-08T17:54:58+00:00
66563,H0923,IC,Natural Gas Internal Combustion Engine,0.400,0.400,0.400,2018,,True,august_generator2026.xlsx,https://www.eia.gov/electricity/data/eia860m/xls/august_generator2026.xlsx,2026-10-08T17:54:58+00:00
66563,H0924,IC,Natural Gas Internal Combustion Engine,0.400,0.400,0.400,2018,,True,august_generator2026.xlsx,https://www.eia.gov/electricity/data/eia860m/xls/august_generator2026.xlsx,2026-10-08T17:54:58+00:00
66564,H0951,IC,Natural Gas Internal Combustion Engine,0.400,0.400,0.400,2018,,True,august_generator2026.xlsx,https://www.eia.gov/electricity/data/eia860m/xls/august_generator2026.xlsx,2026-10-08T17:54:58+00:00
66564,H0952,IC,Natural Gas Internal Combustion Engine,0.400,0.400,0.400,2018,,True,august_generator2026.xlsx,https://www.eia.gov/electricity/data/eia860m/xls/august_generator2026.xlsx,2026-10-08T17:54:58+00:00
66564,H0953,IC,Natural Gas Internal Combustion Engine,0.400,0.400,0.400,2018,,True,august_generator2026.xlsx,https://www.eia.gov/electricity/data/eia860m/xls/august_generator2026.xlsx,2026-10-08T17:54:58+00:00
66564,H0954,IC,Natural Gas Internal Combustion Engine,0.400,0.400,0.400,2018,,True,august_generator2026.xlsx,https://www.eia.gov/electricity/data/eia860m/xls/august_generator2026.xlsx,2026-10-08T17:54:58+00:00
66565,HCCB1,IC,Natural Gas Internal Combustion Engine,0.400,0.400,0.400,2019,,True,august_generator2026.xlsx,https://www.eia.gov/electricity/data/eia860m/xls/august_generator2026.xlsx,2026-10-08T17:54:58+00:00
66565,HCCB2,IC,Natural Gas Internal Combustion Engine,0.400,0.400,0.400,2019,,True,august_generator2026.xlsx,https://www.eia.gov/electricity/data/eia860m/xls/august_generator2026.xlsx,2026-10-08T17:54:58+00:00
66565,HCCB3,IC,Natural Gas Internal Combustion Engine,0.400,0.400,0.400,2019,,True,august_generator2026.xlsx,https://www.eia.gov/electricity/data/eia860m/xls/august_generator2026.xlsx,2026-10-08T17:54:58+00:00
66565,HCCB4,IC,Natural Gas Internal Combustion Engine,0.400,0.400,0.400,2019,,True,august_generator2026.xlsx,https://www.eia.gov/electricity/data/eia860m/xls/august_generator2026.xlsx,2026-10-08T17:54:58+00:00
66565,HCCB5,IC,Natural Gas Internal Combustion Engine,0.400,0.400,0.400,2019,,True,august_generator2026.xlsx,https://www.eia.gov/electricity/data/eia860m/xls/august_generator2026.xlsx,2026-10-08T17:54:58+00:00
66565,HCCB6,IC,Natural Gas Internal Combustion Engine,0.400,0.400,0.400,2019,,True,august_generator2026.xlsx,https://www.eia.gov/electricity/data/eia860m/xls/august_generator2026.xlsx,2026-10-08T17:54:58+00:00
66565,HCCB7,IC,Natural Gas Internal Combustion Engine,0.400,0.400,0.400,2019,,True,august_generator2026.xlsx,https://www.eia.gov/electricity/data/eia860m/xls/august_generator2026.xlsx,2026-10-08T17:54:58+00:00
66565,HCCB8,IC,Natural Gas Internal Combustion Engine,0.400,0.400,0.400,2019,,True,august_generator2026.xlsx,https://www.eia.gov/electricity/data/eia860m/xls/august_generator2026.xlsx,2026-10-08T17:54:58+00:00
66566,HSNP1,IC,Natural Gas Internal Combustion Engine,0.400,0.400,0.400,2019,,True,august_generator2026.xlsx,https://www.eia.gov/electricity/data/eia860m/xls/august_generator2026.xlsx,2026-10-08T17:54:58+00:00
66566,HSNP2,IC,Natural Gas Internal Combustion Engine,0.400,0.400,0.400,2019,,True,august_generator2026.xlsx,https://www.eia.gov/electricity/data/eia860m/xls/august_generator2026.xlsx,2026-10-08T17:54:58+00:00
66566,HSNP3,IC,Natural Gas Internal Combustion Engine,0.400,0.400,0.400,2019,,True,august_generator2026.xlsx,https://www.eia.gov/electricity/data/eia860m/xls/august_generator2026.xlsx,2026-10-08T17:54:58+00:00
66566,HSNP4,IC,Natural Gas Internal Combustion Engine,0.400,0.400,0.400,2019,,True,august_generator2026.xlsx,https://www.eia.gov/electricity/data/eia860m/xls/august_generator2026.xlsx,2026-10-08T17:54:58+00:00
66567,HDC10,IC,Natural Gas Internal Combustion Engine,0.400,0.400,0.400,2021,,True,august_generator2026.xlsx,https://www.eia.gov/electricity/data/eia860m/xls/august_generator2026.xlsx,2026-10-08T17:54:58+00:00
66567,HDC11,IC,Natural Gas Internal Combustion Engine,0.400,0.400,0.400,2021,,True,august_generator2026.xlsx,https://www.eia.gov/electricity/data/eia860m/xls/august_generator2026.xlsx,2026-10-08T17:54:58+00:00
66567,HDC12,IC,Natural Gas Internal Combustion Engine,0.400,0.400,0.400,2021,,True,august_generator2026.xlsx,https://www.eia.gov/electricity/data/eia860m/xls/august_generator2026.xlsx,2026-10-08T17:54:58+00:00
66567,HDC13,IC,Natural Gas Internal Combustion Engine,0.400,0.400,0.400,2021,,True,august_generator2026.xlsx,https://www.eia.gov/electricity/data/eia860m/xls/august_generator2026.xlsx,2026-10-08T17:54:58+00:00
66567,HDC14,IC,Natural Gas Internal Combustion Engine,0.400,0.400,0.400,2021,,True,august_generator2026.xlsx,https://www.eia.gov/electricity/data/eia860m/xls/august_generator2026.xlsx,2026-10-08T17:54:58+00:00
66567,HDC15,IC,Natural Gas Internal Combustion Engine,0.400,0.400,0.400,2021,,True,august_generator2026.xlsx,https://www.eia.gov/electricity/data/eia860m/xls/august_generator2026.xlsx,2026-10-08T17:54:58+00:00
66567,HDC16,IC,Natural Gas Internal Combustion Engine,0.400,0.400,0.400,2021,,True,august_generator2026.xlsx,https://www.eia.gov/electricity/data/eia860m/xls/august_generator2026.xlsx,2026-10-08T17:54:58+00:00
66567,HDC17,IC,Natural Gas Internal Combustion Engine,0.400,0.400,0.400,2021,,True,august_generator2026.xlsx,https://www.eia.gov/electricity/data/eia860m/xls/august_generator2026.xlsx,2026-10-08T17:54:58+00:00
66567,HDC18,IC,Natural Gas Internal Combustion Engine,0.400,0.400,0.400,2021,,True,august_generator2026.xlsx,https://www.eia.gov/electricity/data/eia860m/xls/august_generator2026.xlsx,2026-10-08T17:54:58+00:00
66567,HDC19,IC,Natural Gas Internal Combustion Engine,0.400,0.400,0.400,2021,,True,august_generator2026.xlsx,https://www.eia.gov/electricity/data/eia860m/xls/august_generator2026.xlsx,2026-10-08T17:54:58+00:00
66567,HDC20,IC,Natural Gas Internal Combustion Engine,0.400,0.400,0.400,2021,,True,august_generator2026.xlsx,https://www.eia.gov/electricity/data/eia860m/xls/august_generator2026.xlsx,2026-10-08T17:54:58+00:00
66567,HDC21,IC,Natural Gas Internal Combustion Engine,0.400,0.400,0.400,2021,,True,august_generator2026.xlsx,https://www.eia.gov/electricity/data/eia860m/xls/august_generator2026.xlsx,2026-10-08T17:54:58+00:00
66567,HDC22,IC,Natural Gas Internal Combustion Engine,0.400,0.400,0.400,2021,,True,august_generator2026.xlsx,https://www.eia.gov/electricity/data/eia860m/xls/august_generator2026.xlsx,2026-10-08T17:54:58+00:00
66567,HDC23,IC,Natural Gas Internal Combustion Engine,0.400,0.400,0.400,2021,,True,august_generator2026.xlsx,https://www.eia.gov/electricity/data/eia860m/xls/august_generator2026.xlsx,2026-10-08T17:54:58+00:00
66567,HDC24,IC,Natural Gas Internal Combustion Engine,0.400,0.400,0.400,2021,,True,august_generator2026.xlsx,https://www.eia.gov/electricity/data/eia860m/xls/august_generator2026.xlsx,2026-10-08T17:54:58+00:00
66567,HDC25,IC,Natural Gas Internal Combustion Engine,0.400,0.400,0.400,2021,,True,august_generator2026.xlsx,https://www.eia.gov/electricity/data/eia860m/xls/august_generator2026.xlsx,2026-10-08T17:54:58+00:00
66567,HDC26,IC,Natural Gas Internal Combustion Engine,0.400,0.400,0.400,2021,,True,august_generator2026.xlsx,https://www.eia.gov/electricity/data/eia860m/xls/august_generator2026.xlsx,2026-10-08T17:54:58+00:00
66567,HDC27,IC,Natural Gas Internal Combustion Engine,0.400,0.400,0.400,2021,,True,august_generator2026.xlsx,https://www.eia.gov/electricity/data/eia860m/xls/august_generator2026.xlsx,2026-10-08T17:54:58+00:00
66567,HDC28,IC,Natural Gas Internal Combustion Engine,0.400,0.400,0.400,2021,,True,august_generator2026.xlsx,https://www.eia.gov/electricity/data/eia860m/xls/august_generator2026.xlsx,2026-10-08T17:54:58+00:00
66567,HDC29,IC,Natural Gas Internal Combustion Engine,0.400,0.400,0.400,2021,,True,august_generator2026.xlsx,https://www.eia.gov/electricity/data/eia860m/xls/august_generator2026.xlsx,2026-10-08T17:54:58+00:00
66567,HDC30,IC,Natural Gas Internal Combustion Engine,0.400,0.400,0.400,2021,,True,august_generator2026.xlsx,https://www.eia.gov/electricity/data/eia860m/xls/august_generator2026.xlsx,2026-10-08T17:54:58+00:00
66567,HDC31,IC,Natural Gas Internal Combustion Engine,0.400,0.400,0.400,2021,,True,august_generator2026.xlsx,https://www.eia.gov/electricity/data/eia860m/xls/august_generator2026.xlsx,2026-10-08T17:54:58+00:00
66567,HDC32,IC,Natural Gas Internal Combustion Engine,0.400,0.400,0.400,2021,,True,august_generator2026.xlsx,https://www.eia.gov/electricity/data/eia860m/xls/august_generator2026.xlsx,2026-10-08T17:54:58+00:00
66567,HHDC1,IC,Natural Gas Internal Combustion Engine,0.400,0.400,0.400,2021,,True,august_generator2026.xlsx,https://www.eia.gov/electricity/data/eia860m/xls/august_generator2026.xlsx,2026-10-08T17:54:58+00:00
66567,HHDC2,IC,Natural Gas Internal Combustion Engine,0.400,0.400,0.400,2021,,True,august_generator2026.xlsx,https://www.eia.gov/electricity/data/eia860m/xls/august_generator2026.xlsx,2026-10-08T17:54:58+00:00
66567,HHDC3,IC,Natural Gas Internal Combustion Engine,0.400,0.400,0.400,2021,,True,august_generator2026.xlsx,https://www.eia.gov/electricity/data/eia860m/xls/august_generator2026.xlsx,2026-10-08T17:54:58+00:00
66567,HHDC4,IC,Natural Gas Internal Combustion Engine,0.400,0.400,0.400,2021,,True,august_generator2026.xlsx,https://www.eia.gov/electricity/data/eia860m/xls/august_generator2026.xlsx,2026-10-08T17:54:58+00:00
66567,HHDC5,IC,Natural Gas Internal Combustion Engine,0.400,0.400,0.400,2021,,True,august_generator2026.xlsx,https://www.eia.gov/electricity/data/eia860m/xls/august_generator2026.xlsx,2026-10-08T17:54:58+00:00
66567,HHDC6,IC,Natural Gas Internal Combustion Engine,0.400,0.400,0.400,2021,,True,august_generator2026.xlsx,https://www.eia.gov/electricity/data/eia860m/xls/august_generator2026.xlsx,2026-10-08T17:54:58+00:00
66567,HHDC7,IC,Natural Gas Internal Combustion Engine,0.400,0.400,0.400,2021,,True,august_generator2026.xlsx,https://www.eia.gov/electricity/data/eia860m/xls/august_generator2026.xlsx,2026-10-08T17:54:58+00:00
66567,HHDC8,IC,Natural Gas Internal Combustion Engine,0.400,0.400,0.400,2021,,True,august_generator2026.xlsx,https://www.eia.gov/electricity/data/eia860m/xls/august_generator2026.xlsx,2026-10-08T17:54:58+00:00
66567,HHDC9,IC,Natural Gas Internal Combustion Engine,0.400,0.400,0.400,2021,,True,august_generator2026.xlsx,https://www.eia.gov/electricity/data/eia860m/xls/august_generator2026.xlsx,2026-10-08T17:54:58+00:00
66593,H0481,IC,Natural Gas Internal Combustion Engine,0.400,0.400,0.400,2021,,True,august_generator2026.xlsx,https://www.eia.gov/electricity/data/eia860m/xls/august_generator2026.xlsx,2026-10-08T17:54:58+00:00
66593,H0482,IC,Natural Gas Internal Combustion Engine,0.400,0.400,0.400,2021,,True,august_generator2026.xlsx,https://www.eia.gov/electricity/data/eia860m/xls/august_generator2026.xlsx,2026-10-08T17:54:58+00:00
66593,H0483,IC,Natural Gas Internal Combustion Engine,0.400,0.400,0.400,2021,,True,august_generator2026.xlsx,https://www.eia.gov/electricity/data/eia860m/xls/august_generator2026.xlsx,2026-10-08T17:54:58+00:00
66594,H5941,IC,Natural Gas Internal Combustion Engine,0.400,0.400,0.400,2019,,True,august_generator2026.xlsx,https://www.eia.gov/electricity/data/eia860m/xls/august_generator2026.xlsx,2026-10-08T17:54:58+00:00
66594,H5942,IC,Natural Gas Internal Combustion Engine,0.400,0.400,0.400,2019,,True,august_generator2026.xlsx,https://www.eia.gov/electricity/data/eia860m/xls/august_generator2026.xlsx,2026-10-08T17:54:58+00:00
66594,H5943,IC,Natural Gas Internal Combustion Engine,0.400,0.400,0.400,2019,,True,august_generator2026.xlsx,https://www.eia.gov/electricity/data/eia860m/xls/august_generator2026.xlsx,2026-10-08T17:54:58+00:00
66595,FLD10,IC,Natural Gas Internal Combustion Engine,0.400,0.400,0.400,2021,,True,august_generator2026.xlsx,https://www.eia.gov/electricity/data/eia860m/xls/august_generator2026.xlsx,2026-10-08T17:54:58+00:00
66595,FLD11,IC,Natural Gas Internal Combustion Engine,0.400,0.400,0.400,2021,,True,august_generator2026.xlsx,https://www.eia.gov/electricity/data/eia860m/xls/august_generator2026.xlsx,2026-10-08T17:54:58+00:00
66595,FLD12,IC,Natural Gas Internal Combustion Engine,0.400,0.400,0.400,2021,,True,august_generator2026.xlsx,https://www.eia.gov/electricity/data/eia860m/xls/august_generator2026.xlsx,2026-10-08T17:54:58+00:00
66595,FLD13,IC,Natural Gas Internal Combustion Engine,0.400,0.400,0.400,2021,,True,august_generator2026.xlsx,https://www.eia.gov/electricity/data/eia860m/xls/august_generator2026.xlsx,2026-10-08T17:54:58+00:00
66595,FLD14,IC,Natural Gas Internal Combustion Engine,0.400,0.400,0.400,2021,,True,august_generator2026.xlsx,https://www.eia.gov/electricity/data/eia860m/xls/august_generator2026.xlsx,2026-10-08T17:54:58+00:00
66595,FLD15,IC,Natural Gas Internal Combustion Engine,0.400,0.400,0.400,2021,,True,august_generator2026.xlsx,https://www.eia.gov/electricity/data/eia860m/xls/august_generator2026.xlsx,2026-10-08T17:54:58+00:00
66595,FLD16,IC,Natural Gas Internal Combustion Engine,0.400,0.400,0.400,2021,,True,august_generator2026.xlsx,https://www.eia.gov/electricity/data/eia860m/xls/august_generator2026.xlsx,2026-10-08T17:54:58+00:00
66595,FLD17,IC,Natural Gas Internal Combustion Engine,0.400,0.400,0.400,2021,,True,august_generator2026.xlsx,https://www.eia.gov/electricity/data/eia860m/xls/august_generator2026.xlsx,2026-10-08T17:54:58+00:00
66595,FLD18,IC,Natural Gas Internal Combustion Engine,0.400,0.400,0.400,2021,,True,august_generator2026.xlsx,https://www.eia.gov/electricity/data/eia860m/xls/august_generator2026.xlsx,2026-10-08T17:54:58+00:00
66595,FLD19,IC,Natural Gas Internal Combustion Engine,0.400,0.400,0.400,2021,,True,august_generator2026.xlsx,https://www.eia.gov/electricity/data/eia860m/xls/august_generator2026.xlsx,2026-10-08T17:54:58+00:00
66595,FLD20,IC,Natural Gas Internal Combustion Engine,0.400,0.400,0.400,2021,,True,august_generator2026.xlsx,https://www.eia.gov/electricity/data/eia860m/xls/august_generator2026.xlsx,2026-10-08T17:54:58+00:00
66595,FLD21,IC,Natural Gas Internal Combustion Engine,0.400,0.400,0.400,2021,,True,august_generator2026.xlsx,https://www.eia.gov/electricity/data/eia860m/xls/august_generator2026.xlsx,2026-10-08T17:54:58+00:00
66595,FLD22,IC,Natural Gas Internal Combustion Engine,0.400,0.400,0.400,2021,,True,august_generator2026.xlsx,https://www.eia.gov/electricity/data/eia860m/xls/august_generator2026.xlsx,2026-10-08T17:54:58+00:00
66595,FLD23,IC,Natural Gas Internal Combustion Engine,0.400,0.400,0.400,2021,,True,august_generator2026.xlsx,https://www.eia.gov/electricity/data/eia860m/xls/august_generator2026.xlsx,2026-10-08T17:54:58+00:00
66595,FLD24,IC,Natural Gas Internal Combustion Engine,0.400,0.400,0.400,2021,,True,august_generator2026.xlsx,https://www.eia.gov/electricity/data/eia860m/xls/august_generator2026.xlsx,2026-10-08T17:54:58+00:00
66595,FLD25,IC,Natural Gas Internal Combustion Engine,0.400,0.400,0.400,2021,,True,august_generator2026.xlsx,https://www.eia.gov/electricity/data/eia860m/xls/august_generator2026.xlsx,2026-10-08T17:54:58+00:00
66595,FLD26,IC,Natural Gas Internal Combustion Engine,0.400,0.400,0.400,2021,,True,august_generator2026.xlsx,https://www.eia.gov/electricity/data/eia860m/xls/august_generator2026.xlsx,2026-10-08T17:54:58+00:00
66595,FLD27,IC,Natural Gas Internal Combustion Engine,0.400,0.400,0.400,2021,,True,august_generator2026.xlsx,https://www.eia.gov/electricity/data/eia860m/xls/august_generator2026.xlsx,2026-10-08T17:54:58+00:00
66595,FLD28,IC,Natural Gas Internal Combustion Engine,0.400,0.400,0.400,2021,,True,august_generator2026.xlsx,https://www.eia.gov/electricity/data/eia860m/xls/august_generator2026.xlsx,2026-10-08T17:54:58+00:00
66595,FLID1,IC,Natural Gas Internal Combustion Engine,0.400,0.400,0.400,2021,,True,august_generator2026.xlsx,https://www.eia.gov/electricity/data/eia860m/xls/august_generator2026.xlsx,2026-10-08T17:54:58+00:00
66595,FLID2,IC,Natural Gas Internal Combustion Engine,0.400,0.400,0.400,2021,,True,august_generator2026.xlsx,https://www.eia.gov/electricity/data/eia860m/xls/august_generator2026.xlsx,2026-10-08T17:54:58+00:00
66595,FLID3,IC,Natural Gas Internal Combustion Engine,0.400,0.400,0.400,2021,,True,august_generator2026.xlsx,https://www.eia.gov/electricity/data/eia860m/xls/august_generator2026.xlsx,2026-10-08T17:54:58+00:00
66595,FLID4,IC,Natural Gas Internal Combustion Engine,0.400,0.400,0.400,2021,,True,august_generator2026.xlsx,https://www.eia.gov/electricity/data/eia860m/xls/august_generator2026.xlsx,2026-10-08T17:54:58+00:00
66595,FLID5,IC,Natural Gas Internal Combustion Engine,0.400,0.400,0.400,2021,,True,august_generator2026.xlsx,https://www.eia.gov/electricity/data/eia860m/xls/august_generator2026.xlsx,2026-10-08T17:54:58+00:00
66595,FLID6,IC,Natural Gas Internal Combustion Engine,0.400,0.400,0.400,2021,,True,august_generator2026.xlsx,https://www.eia.gov/electricity/data/eia860m/xls/august_generator2026.xlsx,2026-10-08T17:54:58+00:00
66595,FLID7,IC,Natural Gas Internal Combustion Engine,0.400,0.400,0.400,2021,,True,august_generator2026.xlsx,https://www.eia.gov/electricity/data/eia860m/xls/august_generator2026.xlsx,2026-10-08T17:54:58+00:00
66595,FLID8,IC,Natural Gas Internal Combustion Engine,0.400,0.400,0.400,2021,,True,august_generator2026.xlsx,https://www.eia.gov/electricity/data/eia860m/xls/august_generator2026.xlsx,2026-10-08T17:54:58+00:00
66595,FLID9,IC,Natural Gas Internal Combustion Engine,0.400,0.400,0.400,2021,,True,august_generator2026.xlsx,https://www.eia.gov/electricity/data/eia860m/xls/august_generator2026.xlsx,2026-10-08T17:54:58+00:00
66596,PRAX1,IC,Natural Gas Internal Combustion Engine,0.400,0.400,0.400,2019,,True,august_generator2026.xlsx,https://www.eia.gov/electricity/data/eia860m/xls/august_generator2026.xlsx,2026-10-08T17:54:58+00:00
66596,PRAX2,IC,Natural Gas Internal Combustion Engine,0.400,0.400,0.400,2019,,True,august_generator2026.xlsx,https://www.eia.gov/electricity/data/eia860m/xls/august_generator2026.xlsx,2026-10-08T17:54:58+00:00
66596,PRAX3,IC,Natural Gas Internal Combustion Engine,0.400,0.400,0.400,2019,,True,august_generator2026.xlsx,https://www.eia.gov/electricity/data/eia860m/xls/august_generator2026.xlsx,2026-10-08T17:54:58+00:00
66597,RAVC1,IC,Natural Gas Internal Combustion Engine,0.400,0.400,0.400,2021,,True,august_generator2026.xlsx,https://www.eia.gov/electricity/data/eia860m/xls/august_generator2026.xlsx,2026-10-08T17:54:58+00:00
66597,RAVC2,IC,Natural Gas Internal Combustion Engine,0.400,0.400,0.400,2021,,True,august_generator2026.xlsx,https://www.eia.gov/electricity/data/eia860m/xls/august_generator2026.xlsx,2026-10-08T17:54:58+00:00
66597,RAVC3,IC,Natural Gas Internal Combustion Engine,0.400,0.400,0.400,2021,,True,august_generator2026.xlsx,https://www.eia.gov/electricity/data/eia860m/xls/august_generator2026.xlsx,2026-10-08T17:54:58+00:00
66597,RAVC4,IC,Natural Gas Internal Combustion Engine,0.400,0.400,0.400,2021,,True,august_generator2026.xlsx,https://www.eia.gov/electricity/data/eia860m/xls/august_generator2026.xlsx,2026-10-08T17:54:58+00:00
66597,RAVC5,IC,Natural Gas Internal Combustion Engine,0.400,0.400,0.400,2021,,True,august_generator2026.xlsx,https://www.eia.gov/electricity/data/eia860m/xls/august_generator2026.xlsx,2026-10-08T17:54:58+00:00
66597,RAVC6,IC,Natural Gas Internal Combustion Engine,0.400,0.400,0.400,2021,,True,august_generator2026.xlsx,https://www.eia.gov/electricity/data/eia860m/xls/august_generator2026.xlsx,2026-10-08T17:54:58+00:00
66597,RAVC7,IC,Natural Gas Internal Combustion Engine,0.400,0.400,0.400,2021,,True,august_generator2026.xlsx,https://www.eia.gov/electricity/data/eia860m/xls/august_generator2026.xlsx,2026-10-08T17:54:58+00:00
66597,RAVC8,IC,Natural Gas Internal Combustion Engine,0.400,0.400,0.400,2021,,True,august_generator2026.xlsx,https://www.eia.gov/electricity/data/eia860m/xls/august_generator2026.xlsx,2026-10-08T17:54:58+00:00
66601,GT61,GT,Natural Gas Fired Combustion Turbine,188.700,204.000,222.000,2026,,True,august_generator2026.xlsx,https://www.eia.gov/electricity/data/eia860m/xls/august_generator2026.xlsx,2026-10-08T17:54:58+00:00
66601,GT62,GT,Natural Gas Fired Combustion Turbine,188.700,204.000,222.000,2026,,True,august_generator2026.xlsx,https://www.eia.gov/electricity/data/eia860m/xls/august_generator2026.xlsx,2026-10-08T17:54:58+00:00
66604,CTG-1,GT,Natural Gas Fired Combustion Turbine,60.500,44.500,49.800,2024,,True,august_generator2026.xlsx,https://www.eia.gov/electricity/data/eia860m/xls/august_generator2026.xlsx,2026-10-08T17:54:58+00:00
66604,CTG-2,GT,Natural Gas Fired Combustion Turbine,60.500,44.500,49.800,2024,,True,august_generator2026.xlsx,https://www.eia.gov/electricity/data/eia860m/xls/august_generator2026.xlsx,2026-10-08T17:54:58+00:00
66604,CTG-3,GT,Natural Gas Fired Combustion Turbine,60.500,44.500,49.800,2024,,True,august_generator2026.xlsx,https://www.eia.gov/electricity/data/eia860m/xls/august_generator2026.xlsx,2026-10-08T17:54:58+00:00
66604,CTG-4,GT,Natural Gas Fired Combustion Turbine,60.500,44.500,49.800,2024,,True,august_generator2026.xlsx,https://www.eia.gov/electricity/data/eia860m/xls/august_generator2026.xlsx,2026-10-08T17:54:58+00:00
66604,CTG-5,GT,Natural Gas Fired Combustion Turbine,60.500,44.500,49.800,2024,,True,august_generator2026.xlsx,https://www.eia.gov/electricity/data/eia860m/xls/august_generator2026.xlsx,2026-10-08T17:54:58+00:00
66604,CTG-6,GT,Natural Gas Fired Combustion Turbine,60.500,44.500,49.800,2024,,True,august_generator2026.xlsx,https://www.eia.gov/electricity/data/eia860m/xls/august_generator2026.xlsx,2026-10-08T17:54:58+00:00
66604,CTG-7,GT,Natural Gas Fired Combustion Turbine,60.500,44.500,49.800,2024,,True,august_generator2026.xlsx,https://www.eia.gov/electricity/data/eia860m/xls/august_generator2026.xlsx,2026-10-08T17:54:58+00:00
66604,CTG-8,GT,Natural Gas Fired Combustion Turbine,60.500,44.500,49.800,2024,,True,august_generator2026.xlsx,https://www.eia.gov/electricity/data/eia860m/xls/august_generator2026.xlsx,2026-10-08T17:54:58+00:00
66612,H0851,IC,Natural Gas Internal Combustion Engine,0.400,0.400,0.400,2019,,True,august_generator2026.xlsx,https://www.eia.gov/electricity/data/eia860m/xls/august_generator2026.xlsx,2026-10-08T17:54:58+00:00
66612,H0852,IC,Natural Gas Internal Combustion Engine,0.400,0.400,0.400,2019,,True,august_generator2026.xlsx,https://www.eia.gov/electricity/data/eia860m/xls/august_generator2026.xlsx,2026-10-08T17:54:58+00:00
66612,H0853,IC,Natural Gas Internal Combustion Engine,0.400,0.400,0.400,2019,,True,august_generator2026.xlsx,https://www.eia.gov/electricity/data/eia860m/xls/august_generator2026.xlsx,2026-10-08T17:54:58+00:00
66612,H0854,IC,Natural Gas Internal Combustion Engine,0.400,0.400,0.400,2019,,True,august_generator2026.xlsx,https://www.eia.gov/electricity/data/eia860m/xls/august_generator2026.xlsx,2026-10-08T17:54:58+00:00
66613,SAD10,IC,Natural Gas Internal Combustion Engine,0.400,0.400,0.400,2020,,True,august_generator2026.xlsx,https://www.eia.gov/electricity/data/eia860m/xls/august_generator2026.xlsx,2026-10-08T17:54:58+00:00
66613,SAD11,IC,Natural Gas Internal Combustion Engine,0.400,0.400,0.400,2020,,True,august_generator2026.xlsx,https://www.eia.gov/electricity/data/eia860m/xls/august_generator2026.xlsx,2026-10-08T17:54:58+00:00
66613,SAD12,IC,Natural Gas Internal Combustion Engine,0.400,0.400,0.400,2020,,True,august_generator2026.xlsx,https://www.eia.gov/electricity/data/eia860m/xls/august_generator2026.xlsx,2026-10-08T17:54:58+00:00
66613,SAD13,IC,Natural Gas Internal Combustion Engine,0.400,0.400,0.400,2020,,True,august_generator2026.xlsx,https://www.eia.gov/electricity/data/eia860m/xls/august_generator2026.xlsx,2026-10-08T17:54:58+00:00
66613,SAD14,IC,Natural Gas Internal Combustion Engine,0.400,0.400,0.400,2020,,True,august_generator2026.xlsx,https://www.eia.gov/electricity/data/eia860m/xls/august_generator2026.xlsx,2026-10-08T17:54:58+00:00
66613,SAD15,IC,Natural Gas Internal Combustion Engine,0.400,0.400,0.400,2020,,True,august_generator2026.xlsx,https://www.eia.gov/electricity/data/eia860m/xls/august_generator2026.xlsx,2026-10-08T17:54:58+00:00
66613,SAD16,IC,Natural Gas Internal Combustion Engine,0.400,0.400,0.400,2020,,True,august_generator2026.xlsx,https://www.eia.gov/electricity/data/eia860m/xls/august_generator2026.xlsx,2026-10-08T17:54:58+00:00
66613,SADC1,IC,Natural Gas Internal Combustion Engine,0.400,0.400,0.400,2020,,True,august_generator2026.xlsx,https://www.eia.gov/electricity/data/eia860m/xls/august_generator2026.xlsx,2026-10-08T17:54:58+00:00
66613,SADC2,IC,Natural Gas Internal Combustion Engine,0.400,0.400,0.400,2020,,True,august_generator2026.xlsx,https://www.eia.gov/electricity/data/eia860m/xls/august_generator2026.xlsx,2026-10-08T17:54:58+00:00
66613,SADC3,IC,Natural Gas Internal Combustion Engine,0.400,0.400,0.400,2020,,True,august_generator2026.xlsx,https://www.eia.gov/electricity/data/eia860m/xls/august_generator2026.xlsx,2026-10-08T17:54:58+00:00
66613,SADC4,IC,Natural Gas Internal Combustion Engine,0.400,0.400,0.400,2020,,True,august_generator2026.xlsx,https://www.eia.gov/electricity/data/eia860m/xls/august_generator2026.xlsx,2026-10-08T17:54:58+00:00
66613,SADC5,IC,Natural Gas Internal Combustion Engine,0.400,0.400,0.400,2020,,True,august_generator2026.xlsx,https://www.eia.gov/electricity/data/eia860m/xls/august_generator2026.xlsx,2026-10-08T17:54:58+00:00
66613,SADC6,IC,Natural Gas Internal Combustion Engine,0.400,0.400,0.400,2020,,True,august_generator2026.xlsx,https://www.eia.gov/electricity/data/eia860m/xls/august_generator2026.xlsx,2026-10-08T17:54:58+00:00
66613,SADC7,IC,Natural Gas Internal Combustion Engine,0.400,0.400,0.400,2020,,True,august_generator2026.xlsx,https://www.eia.gov/electricity/data/eia860m/xls/august_generator2026.xlsx,2026-10-08T17:54:58+00:00
66613,SADC8,IC,Natural Gas Internal Combustion Engine,0.400,0.400,0.400,2020,,True,august_generator2026.xlsx,https://www.eia.gov/electricity/data/eia860m/xls/august_generator2026.xlsx,2026-10-08T17:54:58+00:00
66613,SADC9,IC,Natural Gas Internal Combustion Engine,0.400,0.400,0.400,2020,,True,august_generator2026.xlsx,https://www.eia.gov/electricity/data/eia860m/xls/august_generator2026.xlsx,2026-10-08T17:54:58+00:00
66614,CTZH1,IC,Natural Gas Internal Combustion Engine,0.400,0.400,0.400,2020,,True,august_generator2026.xlsx,https://www.eia.gov/electricity/data/eia860m/xls/august_generator2026.xlsx,2026-10-08T17:54:58+00:00
66614,CTZH2,IC,Natural Gas Internal Combustion Engine,0.400,0.400,0.400,2020,,True,august_generator2026.xlsx,https://www.eia.gov/electricity/data/eia860m/xls/august_generator2026.xlsx,2026-10-08T17:54:58+00:00
66614,CTZH3,IC,Natural Gas Internal Combustion Engine,0.400,0.400,0.400,2020,,True,august_generator2026.xlsx,https://www.eia.gov/electricity/data/eia860m/xls/august_generator2026.xlsx,2026-10-08T17:54:58+00:00
66614,CTZH4,IC,Natural Gas Internal Combustion Engine,0.400,0.400,0.400,2020,,True,august_generator2026.xlsx,https://www.eia.gov/electricity/data/eia860m/xls/august_generator2026.xlsx,2026-10-08T17:54:58+00:00
66614,CTZH5,IC,Natural Gas Internal Combustion Engine,0.400,0.400,0.400,2020,,True,august_generator2026.xlsx,https://www.eia.gov/electricity/data/eia860m/xls/august_generator2026.xlsx,2026-10-08T17:54:58+00:00
66614,CTZH6,IC,Natural Gas Internal Combustion Engine,0.400,0.400,0.400,2020,,True,august_generator2026.xlsx,https://www.eia.gov/electricity/data/eia860m/xls/august_generator2026.xlsx,2026-10-08T17:54:58+00:00
66614,CTZH7,IC,Natural Gas Internal Combustion Engine,0.400,0.400,0.400,2020,,True,august_generator2026.xlsx,https://www.eia.gov/electricity/data/eia860m/xls/august_generator2026.xlsx,2026-10-08T17:54:58+00:00
67308,AB1,IC,Natural Gas Internal Combustion Engine,0.400,0.400,0.400,2023,,True,august_generator2026.xlsx,https://www.eia.gov/electricity/data/eia860m/xls/august_generator2026.xlsx,2026-10-08T17:54:58+00:00
67308,AB10,IC,Natural Gas Internal Combustion Engine,0.400,0.400,0.400,2023,,True,august_generator2026.xlsx,https://www.eia.gov/electricity/data/eia860m/xls/august_generator2026.xlsx,2026-10-08T17:54:58+00:00
67308,AB11,IC,Natural Gas Internal Combustion Engine,0.400,0.400,0.400,2023,,True,august_generator2026.xlsx,https://www.eia.gov/electricity/data/eia860m/xls/august_generator2026.xlsx,2026-10-08T17:54:58+00:00
67308,AB12,IC,Natural Gas Internal Combustion Engine,0.400,0.400,0.400,2023,,True,august_generator2026.xlsx,https://www.eia.gov/electricity/data/eia860m/xls/august_generator2026.xlsx,2026-10-08T17:54:58+00:00
67308,AB13,IC,Natural Gas Internal Combustion Engine,0.400,0.400,0.400,2023,,True,august_generator2026.xlsx,https://www.eia.gov/electricity/data/eia860m/xls/august_generator2026.xlsx,2026-10-08T17:54:58+00:00
67308,AB14,IC,Natural Gas Internal Combustion Engine,0.400,0.400,0.400,2023,,True,august_generator2026.xlsx,https://www.eia.gov/electricity/data/eia860m/xls/august_generator2026.xlsx,2026-10-08T17:54:58+00:00
67308,AB2,IC,Natural Gas Internal Combustion Engine,0.400,0.400,0.400,2023,,True,august_generator2026.xlsx,https://www.eia.gov/electricity/data/eia860m/xls/august_generator2026.xlsx,2026-10-08T17:54:58+00:00
67308,AB3,IC,Natural Gas Internal Combustion Engine,0.400,0.400,0.400,2023,,True,august_generator2026.xlsx,https://www.eia.gov/electricity/data/eia860m/xls/august_generator2026.xlsx,2026-10-08T17:54:58+00:00
67308,AB4,IC,Natural Gas Internal Combustion Engine,0.400,0.400,0.400,2023,,True,august_generator2026.xlsx,https://www.eia.gov/electricity/data/eia860m/xls/august_generator2026.xlsx,2026-10-08T17:54:58+00:00
67308,AB5,IC,Natural Gas Internal Combustion Engine,0.400,0.400,0.400,2023,,True,august_generator2026.xlsx,https://www.eia.gov/electricity/data/eia860m/xls/august_generator2026.xlsx,2026-10-08T17:54:58+00:00
67308,AB6,IC,Natural Gas Internal Combustion Engine,0.400,0.400,0.400,2023,,True,august_generator2026.xlsx,https://www.eia.gov/electricity/data/eia860m/xls/august_generator2026.xlsx,2026-10-08T17:54:58+00:00
67308,AB7,IC,Natural Gas Internal Combustion Engine,0.400,0.400,0.400,2023,,True,august_generator2026.xlsx,https://www.eia.gov/electricity/data/eia860m/xls/august_generator2026.xlsx,2026-10-08T17:54:58+00:00
67308,AB8,IC,Natural Gas Internal Combustion Engine,0.400,0.400,0.400,2023,,True,august_generator2026.xlsx,https://www.eia.gov/electricity/data/eia860m/xls/august_generator2026.xlsx,2026-10-08T17:54:58+00:00
67308,AB9,IC,Natural Gas Internal Combustion Engine,0.400,0.400,0.400,2023,,True,august_generator2026.xlsx,https://www.eia.gov/electricity/data/eia860m/xls/august_generator2026.xlsx,2026-10-08T17:54:58+00:00
67309,BEK1,IC,Natural Gas Internal Combustion Engine,0.400,0.400,0.400,2023,,True,august_generator2026.xlsx,https://www.eia.gov/electricity/data/eia860m/xls/august_generator2026.xlsx,2026-10-08T17:54:58+00:00
67309,BEK2,IC,Natural Gas Internal Combustion Engine,0.400,0.400,0.400,2023,,True,august_generator2026.xlsx,https://www.eia.gov/electricity/data/eia860m/xls/august_generator2026.xlsx,2026-10-08T17:54:58+00:00
67309,BEK3,IC,Natural Gas Internal Combustion Engine,0.400,0.400,0.400,2023,,True,august_generator2026.xlsx,https://www.eia.gov/electricity/data/eia860m/xls/august_generator2026.xlsx,2026-10-08T17:54:58+00:00
67309,BEK4,IC,Natural Gas Internal Combustion Engine,0.400,0.400,0.400,2023,,True,august_generator2026.xlsx,https://www.eia.gov/electricity/data/eia860m/xls/august_generator2026.xlsx,2026-10-08T17:54:58+00:00
67310,H0551,IC,Natural Gas Internal Combustion Engine,0.400,0.400,0.400,2023,,True,august_generator2026.xlsx,https://www.eia.gov/electricity/data/eia860m/xls/august_generator2026.xlsx,2026-10-08T17:54:58+00:00
67310,H0552,IC,Natural Gas Internal Combustion Engine,0.400,0.400,0.400,2023,,True,august_generator2026.xlsx,https://www.eia.gov/electricity/data/eia860m/xls/august_generator2026.xlsx,2026-10-08T17:54:58+00:00
67310,H0553,IC,Natural Gas Internal Combustion Engine,0.400,0.400,0.400,2023,,True,august_generator2026.xlsx,https://www.eia.gov/electricity/data/eia860m/xls/august_generator2026.xlsx,2026-10-08T17:54:58+00:00
67311,H7601,IC,Natural Gas Internal Combustion Engine,0.400,0.400,0.400,2023,,True,august_generator2026.xlsx,https://www.eia.gov/electricity/data/eia860m/xls/august_generator2026.xlsx,2026-10-08T17:54:58+00:00
67311,H7602,IC,Natural Gas Internal Combustion Engine,0.400,0.400,0.400,2023,,True,august_generator2026.xlsx,https://www.eia.gov/electricity/data/eia860m/xls/august_generator2026.xlsx,2026-10-08T17:54:58+00:00
67311,H7603,IC,Natural Gas Internal Combustion Engine,0.400,0.400,0.400,2023,,True,august_generator2026.xlsx,https://www.eia.gov/electricity/data/eia860m/xls/august_generator2026.xlsx,2026-10-08T17:54:58+00:00
67312,H7761,IC,Natural Gas Internal Combustion Engine,0.400,0.400,0.400,2022,,True,august_generator2026.xlsx,https://www.eia.gov/electricity/data/eia860m/xls/august_generator2026.xlsx,2026-10-08T17:54:58+00:00
67312,H7762,IC,Natural Gas Internal Combustion Engine,0.400,0.400,0.400,2022,,True,august_generator2026.xlsx,https://www.eia.gov/electricity/data/eia860m/xls/august_generator2026.xlsx,2026-10-08T17:54:58+00:00
67312,H7763,IC,Natural Gas Internal Combustion Engine,0.400,0.400,0.400,2022,,True,august_generator2026.xlsx,https://www.eia.gov/electricity/data/eia860m/xls/august_generator2026.xlsx,2026-10-08T17:54:58+00:00
67313,H7891,IC,Natural Gas Internal Combustion Engine,0.400,0.400,0.400,2022,,True,august_generator2026.xlsx,https://www.eia.gov/electricity/data/eia860m/xls/august_generator2026.xlsx,2026-10-08T17:54:58+00:00
67313,H7892,IC,Natural Gas Internal Combustion Engine,0.400,0.400,0.400,2022,,True,august_generator2026.xlsx,https://www.eia.gov/electricity/data/eia860m/xls/august_generator2026.xlsx,2026-10-08T17:54:58+00:00
67313,H7893,IC,Natural Gas Internal Combustion Engine,0.400,0.400,0.400,2022,,True,august_generator2026.xlsx,https://www.eia.gov/electricity/data/eia860m/xls/august_generator2026.xlsx,2026-10-08T17:54:58+00:00
67314,H7901,IC,Natural Gas Internal Combustion Engine,0.400,0.400,0.400,2022,,True,august_generator2026.xlsx,https://www.eia.gov/electricity/data/eia860m/xls/august_generator2026.xlsx,2026-10-08T17:54:58+00:00
67314,H7902,IC,Natural Gas Internal Combustion Engine,0.400,0.400,0.400,2022,,True,august_generator2026.xlsx,https://www.eia.gov/electricity/data/eia860m/xls/august_generator2026.xlsx,2026-10-08T17:54:58+00:00
67314,H7903,IC,Natural Gas Internal Combustion Engine,0.400,0.400,0.400,2022,,True,august_generator2026.xlsx,https://www.eia.gov/electricity/data/eia860m/xls/august_generator2026.xlsx,2026-10-08T17:54:58+00:00
67315,H7961,IC,Natural Gas Internal Combustion Engine,0.400,0.400,0.400,2023,,True,august_generator2026.xlsx,https://www.eia.gov/electricity/data/eia860m/xls/august_generator2026.xlsx,2026-10-08T17:54:58+00:00
67315,H7962,IC,Natural Gas Internal Combustion Engine,0.400,0.400,0.400,2023,,True,august_generator2026.xlsx,https://www.eia.gov/electricity/data/eia860m/xls/august_generator2026.xlsx,2026-10-08T17:54:58+00:00
67315,H7963,IC,Natural Gas Internal Combustion Engine,0.400,0.400,0.400,2023,,True,august_generator2026.xlsx,https://www.eia.gov/electricity/data/eia860m/xls/august_generator2026.xlsx,2026-10-08T17:54:58+00:00
67316,NFB1,IC,Natural Gas Internal Combustion Engine,0.400,0.400,0.400,2021,,True,august_generator2026.xlsx,https://www.eia.gov/electricity/data/eia860m/xls/august_generator2026.xlsx,2026-10-08T17:54:58+00:00
67316,NFB2,IC,Natural Gas Internal Combustion Engine,0.400,0.400,0.400,2021,,True,august_generator2026.xlsx,https://www.eia.gov/electricity/data/eia860m/xls/august_generator2026.xlsx,2026-10-08T17:54:58+00:00
67316,NFB3,IC,Natural Gas Internal Combustion Engine,0.400,0.400,0.400,2021,,True,august_generator2026.xlsx,https://www.eia.gov/electricity/data/eia860m/xls/august_generator2026.xlsx,2026-10-08T17:54:58+00:00
67316,NFB4,IC,Natural Gas Internal Combustion Engine,0.400,0.400,0.400,2021,,True,august_generator2026.xlsx,https://www.eia.gov/electricity/data/eia860m/xls/august_generator2026.xlsx,2026-10-08T17:54:58+00:00
67316,NFB5,IC,Natural Gas Internal Combustion Engine,0.400,0.400,0.400,2021,,True,august_generator2026.xlsx,https://www.eia.gov/electricity/data/eia860m/xls/august_generator2026.xlsx,2026-10-08T17:54:58+00:00
67316,NFB6,IC,Natural Gas Internal Combustion Engine,0.400,0.400,0.400,2021,,True,august_generator2026.xlsx,https://www.eia.gov/electricity/data/eia860m/xls/august_generator2026.xlsx,2026-10-08T17:54:58+00:00
67317,HT1B1,IC,Natural Gas Internal Combustion Engine,0.400,0.400,0.400,2024,,True,august_generator2026.xlsx,https://www.eia.gov/electricity/data/eia860m/xls/august_generator2026.xlsx,2026-10-08T17:54:58+00:00
67317,HT1B2,IC,Natural Gas Internal Combustion Engine,0.400,0.400,0.400,2024,,True,august_generator2026.xlsx,https://www.eia.gov/electricity/data/eia860m/xls/august_generator2026.xlsx,2026-10-08T17:54:58+00:00
67317,HT1B3,IC,Natural Gas Internal Combustion Engine,0.400,0.400,0.400,2024,,True,august_generator2026.xlsx,https://www.eia.gov/electricity/data/eia860m/xls/august_generator2026.xlsx,2026-10-08T17:54:58+00:00
67317,HT1B4,IC,Natural Gas Internal Combustion Engine,0.400,0.400,0.400,2024,,True,august_generator2026.xlsx,https://www.eia.gov/electricity/data/eia860m/xls/august_generator2026.xlsx,2026-10-08T17:54:58+00:00
67317,HTE10,IC,Natural Gas Internal Combustion Engine,0.400,0.400,0.400,2023,,True,august_generator2026.xlsx,https://www.eia.gov/electricity/data/eia860m/xls/august_generator2026.xlsx,2026-10-08T17:54:58+00:00
67317,HTE11,IC,Natural Gas Internal Combustion Engine,0.400,0.400,0.400,2023,,True,august_generator2026.xlsx,https://www.eia.gov/electricity/data/eia860m/xls/august_generator2026.xlsx,2026-10-08T17:54:58+00:00
67317,HTE12,IC,Natural Gas Internal Combustion Engine,0.400,0.400,0.400,2023,,True,august_generator2026.xlsx,https://www.eia.gov/electricity/data/eia860m/xls/august_generator2026.xlsx,2026-10-08T17:54:58+00:00
67317,HTEM1,IC,Natural Gas Internal Combustion Engine,0.400,0.400,0.400,2023,,True,august_generator2026.xlsx,https://www.eia.gov/electricity/data/eia860m/xls/august_generator2026.xlsx,2026-10-08T17:54:58+00:00
67317,HTEM2,IC,Natural Gas Internal Combustion Engine,0.400,0.400,0.400,2023,,True,august_generator2026.xlsx,https://www.eia.gov/electricity/data/eia860m/xls/august_generator2026.xlsx,2026-10-08T17:54:58+00:00
67317,HTEM3,IC,Natural Gas Internal Combustion Engine,0.400,0.400,0.400,2023,,True,august_generator2026.xlsx,https://www.eia.gov/electricity/data/eia860m/xls/august_generator2026.xlsx,2026-10-08T17:54:58+00:00
67317,HTEM4,IC,Natural Gas Internal Combustion Engine,0.400,0.400,0.400,2023,,True,august_generator2026.xlsx,https://www.eia.gov/electricity/data/eia860m/xls/august_generator2026.xlsx,2026-10-08T17:54:58+00:00
67317,HTEM5,IC,Natural Gas Internal Combustion Engine,0.400,0.400,0.400,2023,,True,august_generator2026.xlsx,https://www.eia.gov/electricity/data/eia860m/xls/august_generator2026.xlsx,2026-10-08T17:54:58+00:00
67317,HTEM6,IC,Natural Gas Internal Combustion Engine,0.400,0.400,0.400,2023,,True,august_generator2026.xlsx,https://www.eia.gov/electricity/data/eia860m/xls/august_generator2026.xlsx,2026-10-08T17:54:58+00:00
67317,HTEM7,IC,Natural Gas Internal Combustion Engine,0.400,0.400,0.400,2023,,True,august_generator2026.xlsx,https://www.eia.gov/electricity/data/eia860m/xls/august_generator2026.xlsx,2026-10-08T17:54:58+00:00
67317,HTEM8,IC,Natural Gas Internal Combustion Engine,0.400,0.400,0.400,2023,,True,august_generator2026.xlsx,https://www.eia.gov/electricity/data/eia860m/xls/august_generator2026.xlsx,2026-10-08T17:54:58+00:00
67317,HTEM9,IC,Natural Gas Internal Combustion Engine,0.400,0.400,0.400,2023,,True,august_generator2026.xlsx,https://www.eia.gov/electricity/data/eia860m/xls/august_generator2026.xlsx,2026-10-08T17:54:58+00:00
67318,TAM10,IC,Natural Gas Internal Combustion Engine,0.400,0.400,0.400,2018,,True,august_generator2026.xlsx,https://www.eia.gov/electricity/data/eia860m/xls/august_generator2026.xlsx,2026-10-08T17:54:58+00:00
67318,TAM11,IC,Natural Gas Internal Combustion Engine,0.400,0.400,0.400,2018,,True,august_generator2026.xlsx,https://www.eia.gov/electricity/data/eia860m/xls/august_generator2026.xlsx,2026-10-08T17:54:58+00:00
67318,TAM12,IC,Natural Gas Internal Combustion Engine,0.400,0.400,0.400,2018,,True,august_generator2026.xlsx,https://www.eia.gov/electricity/data/eia860m/xls/august_generator2026.xlsx,2026-10-08T17:54:58+00:00
67318,TAM13,IC,Natural Gas Internal Combustion Engine,0.400,0.400,0.400,2018,,True,august_generator2026.xlsx,https://www.eia.gov/electricity/data/eia860m/xls/august_generator2026.xlsx,2026-10-08T17:54:58+00:00
67318,TAM14,IC,Natural Gas Internal Combustion Engine,0.400,0.400,0.400,2018,,True,august_generator2026.xlsx,https://www.eia.gov/electricity/data/eia860m/xls/august_generator2026.xlsx,2026-10-08T17:54:58+00:00
67318,TAM15,IC,Natural Gas Internal Combustion Engine,0.400,0.400,0.400,2018,,True,august_generator2026.xlsx,https://www.eia.gov/electricity/data/eia860m/xls/august_generator2026.xlsx,2026-10-08T17:54:58+00:00
67318,TAM16,IC,Natural Gas Internal Combustion Engine,0.400,0.400,0.400,2018,,True,august_generator2026.xlsx,https://www.eia.gov/electricity/data/eia860m/xls/august_generator2026.xlsx,2026-10-08T17:54:58+00:00
67318,TAM17,IC,Natural Gas Internal Combustion Engine,0.400,0.400,0.400,2018,,True,august_generator2026.xlsx,https://www.eia.gov/electricity/data/eia860m/xls/august_generator2026.xlsx,2026-10-08T17:54:58+00:00
67318,TAM18,IC,Natural Gas Internal Combustion Engine,0.400,0.400,0.400,2018,,True,august_generator2026.xlsx,https://www.eia.gov/electricity/data/eia860m/xls/august_generator2026.xlsx,2026-10-08T17:54:58+00:00
67318,TAM19,IC,Natural Gas Internal Combustion Engine,0.400,0.400,0.400,2018,,True,august_generator2026.xlsx,https://www.eia.gov/electricity/data/eia860m/xls/august_generator2026.xlsx,2026-10-08T17:54:58+00:00
67318,TAM20,IC,Natural Gas Internal Combustion Engine,0.400,0.400,0.400,2018,,True,august_generator2026.xlsx,https://www.eia.gov/electricity/data/eia860m/xls/august_generator2026.xlsx,2026-10-08T17:54:58+00:00
67318,TAM21,IC,Natural Gas Internal Combustion Engine,0.400,0.400,0.400,2018,,True,august_generator2026.xlsx,https://www.eia.gov/electricity/data/eia860m/xls/august_generator2026.xlsx,2026-10-08T17:54:58+00:00
67318,TAM22,IC,Natural Gas Internal Combustion Engine,0.400,0.400,0.400,2018,,True,august_generator2026.xlsx,https://www.eia.gov/electricity/data/eia860m/xls/august_generator2026.xlsx,2026-10-08T17:54:58+00:00
67318,TAM23,IC,Natural Gas Internal Combustion Engine,0.400,0.400,0.400,2018,,True,august_generator2026.xlsx,https://www.eia.gov/electricity/data/eia860m/xls/august_generator2026.xlsx,2026-10-08T17:54:58+00:00
67318,TAM24,IC,Natural Gas Internal Combustion Engine,0.400,0.400,0.400,2018,,True,august_generator2026.xlsx,https://www.eia.gov/electricity/data/eia860m/xls/august_generator2026.xlsx,2026-10-08T17:54:58+00:00
67318,TAMU1,IC,Natural Gas Internal Combustion Engine,0.400,0.400,0.400,2018,,True,august_generator2026.xlsx,https://www.eia.gov/electricity/data/eia860m/xls/august_generator2026.xlsx,2026-10-08T17:54:58+00:00
67318,TAMU2,IC,Natural Gas Internal Combustion Engine,0.400,0.400,0.400,2018,,True,august_generator2026.xlsx,https://www.eia.gov/electricity/data/eia860m/xls/august_generator2026.xlsx,2026-10-08T17:54:58+00:00
67318,TAMU3,IC,Natural Gas Internal Combustion Engine,0.400,0.400,0.400,2018,,True,august_generator2026.xlsx,https://www.eia.gov/electricity/data/eia860m/xls/august_generator2026.xlsx,2026-10-08T17:54:58+00:00
67318,TAMU4,IC,Natural Gas Internal Combustion Engine,0.400,0.400,0.400,2018,,True,august_generator2026.xlsx,https://www.eia.gov/electricity/data/eia860m/xls/august_generator2026.xlsx,2026-10-08T17:54:58+00:00
67318,TAMU5,IC,Natural Gas Internal Combustion Engine,0.400,0.400,0.400,2018,,True,august_generator2026.xlsx,https://www.eia.gov/electricity/data/eia860m/xls/august_generator2026.xlsx,2026-10-08T17:54:58+00:00
67318,TAMU6,IC,Natural Gas Internal Combustion Engine,0.400,0.400,0.400,2018,,True,august_generator2026.xlsx,https://www.eia.gov/electricity/data/eia860m/xls/august_generator2026.xlsx,2026-10-08T17:54:58+00:00
67318,TAMU7,IC,Natural Gas Internal Combustion Engine,0.400,0.400,0.400,2018,,True,august_generator2026.xlsx,https://www.eia.gov/electricity/data/eia860m/xls/august_generator2026.xlsx,2026-10-08T17:54:58+00:00
67318,TAMU8,IC,Natural Gas Internal Combustion Engine,0.400,0.400,0.400,2018,,True,august_generator2026.xlsx,https://www.eia.gov/electricity/data/eia860m/xls/august_generator2026.xlsx,2026-10-08T17:54:58+00:00
67318,TAMU9,IC,Natural Gas Internal Combustion Engine,0.400,0.400,0.400,2018,,True,august_generator2026.xlsx,https://www.eia.gov/electricity/data/eia860m/xls/august_generator2026.xlsx,2026-10-08T17:54:58+00:00
67319,H7691,IC,Natural Gas Internal Combustion Engine,0.400,0.400,0.400,2021,,True,august_generator2026.xlsx,https://www.eia.gov/electricity/data/eia860m/xls/august_generator2026.xlsx,2026-10-08T17:54:58+00:00
67319,H7692,IC,Natural Gas Internal Combustion Engine,0.400,0.400,0.400,2021,,True,august_generator2026.xlsx,https://www.eia.gov/electricity/data/eia860m/xls/august_generator2026.xlsx,2026-10-08T17:54:58+00:00
67319,H7693,IC,Natural Gas Internal Combustion Engine,0.400,0.400,0.400,2021,,True,august_generator2026.xlsx,https://www.eia.gov/electricity/data/eia860m/xls/august_generator2026.xlsx,2026-10-08T17:54:58+00:00
67381,CLFK1,IC,Natural Gas Internal Combustion Engine,0.400,0.400,0.400,2023,,True,august_generator2026.xlsx,https://www.eia.gov/electricity/data/eia860m/xls/august_generator2026.xlsx,2026-10-08T17:54:58+00:00
67381,CLFK2,IC,Natural Gas Internal Combustion Engine,0.400,0.400,0.400,2023,,True,august_generator2026.xlsx,https://www.eia.gov/electricity/data/eia860m/xls/august_generator2026.xlsx,2026-10-08T17:54:58+00:00
67381,CLFK3,IC,Natural Gas Internal Combustion Engine,0.400,0.400,0.400,2023,,True,august_generator2026.xlsx,https://www.eia.gov/electricity/data/eia860m/xls/august_generator2026.xlsx,2026-10-08T17:54:58+00:00
67433,H7941,IC,Natural Gas Internal Combustion Engine,0.400,0.400,0.400,2023,,True,august_generator2026.xlsx,https://www.eia.gov/electricity/data/eia860m/xls/august_generator2026.xlsx,2026-10-08T17:54:58+00:00
67433,H7942,IC,Natural Gas Internal Combustion Engine,0.400,0.400,0.400,2023,,True,august_generator2026.xlsx,https://www.eia.gov/electricity/data/eia860m/xls/august_generator2026.xlsx,2026-10-08T17:54:58+00:00
67433,H7943,IC,Natural Gas Internal Combustion Engine,0.400,0.400,0.400,2023,,True,august_generator2026.xlsx,https://www.eia.gov/electricity/data/eia860m/xls/august_generator2026.xlsx,2026-10-08T17:54:58+00:00
67434,H7671,IC,Natural Gas Internal Combustion Engine,0.400,0.400,0.400,2022,,True,august_generator2026.xlsx,https://www.eia.gov/electricity/data/eia860m/xls/august_generator2026.xlsx,2026-10-08T17:54:58+00:00
67434,H7672,IC,Natural Gas Internal Combustion Engine,0.400,0.400,0.400,2022,,True,august_generator2026.xlsx,https://www.eia.gov/electricity/data/eia860m/xls/august_generator2026.xlsx,2026-10-08T17:54:58+00:00
67434,H7673,IC,Natural Gas Internal Combustion Engine,0.400,0.400,0.400,2022,,True,august_generator2026.xlsx,https://www.eia.gov/electricity/data/eia860m/xls/august_generator2026.xlsx,2026-10-08T17:54:58+00:00
67500,GT5,GT,Natural Gas Fired Combustion Turbine,222.000,212.000,230.000,2026,,True,august_generator2026.xlsx,https://www.eia.gov/electricity/data/eia860m/xls/august_generator2026.xlsx,2026-10-08T17:54:58+00:00
67500,GT6,GT,Natural Gas Fired Combustion Turbine,222.000,212.000,230.000,2026,,True,august_generator2026.xlsx,https://www.eia.gov/electricity/data/eia860m/xls/august_generator2026.xlsx,2026-10-08T17:54:58+00:00
68730,H7501,IC,Natural Gas Internal Combustion Engine,0.400,0.400,0.400,2024,,True,august_generator2026.xlsx,https://www.eia.gov/electricity/data/eia860m/xls/august_generator2026.xlsx,2026-10-08T17:54:58+00:00
68730,H7502,IC,Natural Gas Internal Combustion Engine,0.400,0.400,0.400,2024,,True,august_generator2026.xlsx,https://www.eia.gov/electricity/data/eia860m/xls/august_generator2026.xlsx,2026-10-08T17:54:58+00:00
68730,H7503,IC,Natural Gas Internal Combustion Engine,0.400,0.400,0.400,2024,,True,august_generator2026.xlsx,https://www.eia.gov/electricity/data/eia860m/xls/august_generator2026.xlsx,2026-10-08T17:54:58+00:00
68731,H7791,IC,Natural Gas Internal Combustion Engine,0.400,0.400,0.400,2024,,True,august_generator2026.xlsx,https://www.eia.gov/electricity/data/eia860m/xls/august_generator2026.xlsx,2026-10-08T17:54:58+00:00
68731,H7792,IC,Natural Gas Internal Combustion Engine,0.400,0.400,0.400,2024,,True,august_generator2026.xlsx,https://www.eia.gov/electricity/data/eia860m/xls/august_generator2026.xlsx,2026-10-08T17:54:58+00:00
68731,H7793,IC,Natural Gas Internal Combustion Engine,0.400,0.400,0.400,2024,,True,august_generator2026.xlsx,https://www.eia.gov/electricity/data/eia860m/xls/august_generator2026.xlsx,2026-10-08T17:54:58+00:00
68732,H7971,IC,Natural Gas Internal Combustion Engine,0.400,0.400,0.400,2024,,True,august_generator2026.xlsx,https://www.eia.gov/electricity/data/eia860m/xls/august_generator2026.xlsx,2026-10-08T17:54:58+00:00
68732,H7972,IC,Natural Gas Internal Combustion Engine,0.400,0.400,0.400,2024,,True,august_generator2026.xlsx,https://www.eia.gov/electricity/data/eia860m/xls/august_generator2026.xlsx,2026-10-08T17:54:58+00:00
68732,H7973,IC,Natural Gas Internal Combustion Engine,0.400,0.400,0.400,2024,,True,august_generator2026.xlsx,https://www.eia.gov/electricity/data/eia860m/xls/august_generator2026.xlsx,2026-10-08T17:54:58+00:00
68733,H7981,IC,Natural Gas Internal Combustion Engine,0.400,0.400,0.400,2024,,True,august_generator2026.xlsx,https://www.eia.gov/electricity/data/eia860m/xls/august_generator2026.xlsx,2026-10-08T17:54:58+00:00
68733,H7982,IC,Natural Gas Internal Combustion Engine,0.400,0.400,0.400,2024,,True,august_generator2026.xlsx,https://www.eia.gov/electricity/data/eia860m/xls/august_generator2026.xlsx,2026-10-08T17:54:58+00:00
68733,H7983,IC,Natural Gas Internal Combustion Engine,0.400,0.400,0.400,2024,,True,august_generator2026.xlsx,https://www.eia.gov/electricity/data/eia860m/xls/august_generator2026.xlsx,2026-10-08T17:54:58+00:00
68734,H8011,IC,Natural Gas Internal Combustion Engine,0.400,0.400,0.400,2024,,True,august_generator2026.xlsx,https://www.eia.gov/electricity/data/eia860m/xls/august_generator2026.xlsx,2026-10-08T17:54:58+00:00
68734,H8012,IC,Natural Gas Internal Combustion Engine,0.400,0.400,0.400,2024,,True,august_generator2026.xlsx,https://www.eia.gov/electricity/data/eia860m/xls/august_generator2026.xlsx,2026-10-08T17:54:58+00:00
68734,H8013,IC,Natural Gas Internal Combustion Engine,0.400,0.400,0.400,2024,,True,august_generator2026.xlsx,https://www.eia.gov/electricity/data/eia860m/xls/august_generator2026.xlsx,2026-10-08T17:54:58+00:00
68736,HT210,IC,Natural Gas Internal Combustion Engine,0.400,0.400,0.400,2024,,True,august_generator2026.xlsx,https://www.eia.gov/electricity/data/eia860m/xls/august_generator2026.xlsx,2026-10-08T17:54:58+00:00
68736,HT211,IC,Natural Gas Internal Combustion Engine,0.400,0.400,0.400,2024,,True,august_generator2026.xlsx,https://www.eia.gov/electricity/data/eia860m/xls/august_generator2026.xlsx,2026-10-08T17:54:58+00:00
68736,HT212,IC,Natural Gas Internal Combustion Engine,0.400,0.400,0.400,2024,,True,august_generator2026.xlsx,https://www.eia.gov/electricity/data/eia860m/xls/august_generator2026.xlsx,2026-10-08T17:54:58+00:00
68736,HT213,IC,Natural Gas Internal Combustion Engine,0.400,0.400,0.400,2024,,True,august_generator2026.xlsx,https://www.eia.gov/electricity/data/eia860m/xls/august_generator2026.xlsx,2026-10-08T17:54:58+00:00
68736,HT214,IC,Natural Gas Internal Combustion Engine,0.400,0.400,0.400,2024,,True,august_generator2026.xlsx,https://www.eia.gov/electricity/data/eia860m/xls/august_generator2026.xlsx,2026-10-08T17:54:58+00:00
68736,HT215,IC,Natural Gas Internal Combustion Engine,0.400,0.400,0.400,2024,,True,august_generator2026.xlsx,https://www.eia.gov/electricity/data/eia860m/xls/august_generator2026.xlsx,2026-10-08T17:54:58+00:00
68736,HT216,IC,Natural Gas Internal Combustion Engine,0.400,0.400,0.400,2024,,True,august_generator2026.xlsx,https://www.eia.gov/electricity/data/eia860m/xls/august_generator2026.xlsx,2026-10-08T17:54:58+00:00
68736,HT2A1,IC,Natural Gas Internal Combustion Engine,0.400,0.400,0.400,2024,,True,august_generator2026.xlsx,https://www.eia.gov/electricity/data/eia860m/xls/august_generator2026.xlsx,2026-10-08T17:54:58+00:00
68736,HT2A2,IC,Natural Gas Internal Combustion Engine,0.400,0.400,0.400,2024,,True,august_generator2026.xlsx,https://www.eia.gov/electricity/data/eia860m/xls/august_generator2026.xlsx,2026-10-08T17:54:58+00:00
68736,HT2A3,IC,Natural Gas Internal Combustion Engine,0.400,0.400,0.400,2024,,True,august_generator2026.xlsx,https://www.eia.gov/electricity/data/eia860m/xls/august_generator2026.xlsx,2026-10-08T17:54:58+00:00
68736,HT2A4,IC,Natural Gas Internal Combustion Engine,0.400,0.400,0.400,2024,,True,august_generator2026.xlsx,https://www.eia.gov/electricity/data/eia860m/xls/august_generator2026.xlsx,2026-10-08T17:54:58+00:00
68736,HT2A5,IC,Natural Gas Internal Combustion Engine,0.400,0.400,0.400,2024,,True,august_generator2026.xlsx,https://www.eia.gov/electricity/data/eia860m/xls/august_generator2026.xlsx,2026-10-08T17:54:58+00:00
68736,HT2A6,IC,Natural Gas Internal Combustion Engine,0.400,0.400,0.400,2024,,True,august_generator2026.xlsx,https://www.eia.gov/electricity/data/eia860m/xls/august_generator2026.xlsx,2026-10-08T17:54:58+00:00
68736,HT2A7,IC,Natural Gas Internal Combustion Engine,0.400,0.400,0.400,2024,,True,august_generator2026.xlsx,https://www.eia.gov/electricity/data/eia860m/xls/august_generator2026.xlsx,2026-10-08T17:54:58+00:00
68736,HT2A8,IC,Natural Gas Internal Combustion Engine,0.400,0.400,0.400,2024,,True,august_generator2026.xlsx,https://www.eia.gov/electricity/data/eia860m/xls/august_generator2026.xlsx,2026-10-08T17:54:58+00:00
68736,HT2A9,IC,Natural Gas Internal Combustion Engine,0.400,0.400,0.400,2024,,True,august_generator2026.xlsx,https://www.eia.gov/electricity/data/eia860m/xls/august_generator2026.xlsx,2026-10-08T17:54:58+00:00
68737,TBUF1,IC,Natural Gas Internal Combustion Engine,0.400,0.400,0.400,2024,,True,august_generator2026.xlsx,https://www.eia.gov/electricity/data/eia860m/xls/august_generator2026.xlsx,2026-10-08T17:54:58+00:00
68737,TBUF2,IC,Natural Gas Internal Combustion Engine,0.400,0.400,0.400,2024,,True,august_generator2026.xlsx,https://www.eia.gov/electricity/data/eia860m/xls/august_generator2026.xlsx,2026-10-08T17:54:58+00:00
68737,TBUF3,IC,Natural Gas Internal Combustion Engine,0.400,0.400,0.400,2024,,True,august_generator2026.xlsx,https://www.eia.gov/electricity/data/eia860m/xls/august_generator2026.xlsx,2026-10-08T17:54:58+00:00
69267,CDRV1,IC,Natural Gas Internal Combustion Engine,2.500,2.500,2.500,2026,,True,august_generator2026.xlsx,https://www.eia.gov/electricity/data/eia860m/xls/august_generator2026.xlsx,2026-10-08T17:54:58+00:00
69267,CDRV2,IC,Natural Gas Internal Combustion Engine,2.500,2.500,2.500,2026,,True,august_generator2026.xlsx,https://www.eia.gov/electricity/data/eia860m/xls/august_generator2026.xlsx,2026-10-08T17:54:58+00:00
69267,CDRV3,IC,Natural Gas Internal Combustion Engine,2.500,2.500,2.500,2026,,True,august_generator2026.xlsx,https://www.eia.gov/electricity/data/eia860m/xls/august_generator2026.xlsx,2026-10-08T17:54:58+00:00
69267,CDRV4,IC,Natural Gas Internal Combustion Engine,2.500,2.500,2.500,2026,,True,august_generator2026.xlsx,https://www.eia.gov/electricity/data/eia860m/xls/august_generator2026.xlsx,2026-10-08T17:54:58+00:00
69269,PYOT1,IC,Natural Gas Internal Combustion Engine,2.500,2.500,2.500,2026,,True,august_generator2026.xlsx,https://www.eia.gov/electricity/data/eia860m/xls/august_generator2026.xlsx,2026-10-08T17:54:58+00:00
69269,PYOT2,IC,Natural Gas Internal Combustion Engine,2.500,2.500,2.500,2026,,True,august_generator2026.xlsx,https://www.eia.gov/electricity/data/eia860m/xls/august_generator2026.xlsx,2026-10-08T17:54:58+00:00
69269,PYOT3,IC,Natural Gas Internal Combustion Engine,2.500,2.500,2.500,2026,,True,august_generator2026.xlsx,https://www.eia.gov/electricity/data/eia860m/xls/august_generator2026.xlsx,2026-10-08T17:54:58+00:00
69269,PYOT4,IC,Natural Gas Internal Combustion Engine,2.500,2.500,2.500,2026,,True,august_generator2026.xlsx,https://www.eia.gov/electricity/data/eia860m/xls/august_generator2026.xlsx,2026-10-08T17:54:58+00:00
69279,NEWP1,IC,Natural Gas Internal Combustion Engine,30.000,30.000,30.000,2024,,True,august_generator2026.xlsx,https://www.eia.gov/electricity/data/eia860m/xls/august_generator2026.xlsx,2026-10-08T17:54:58+00:00
69751,H7931,IC,Natural Gas Internal Combustion Engine,0.400,0.400,0.400,2025,,True,august_generator2026.xlsx,https://www.eia.gov/electricity/data/eia860m/xls/august_generator2026.xlsx,2026-10-08T17:54:58+00:00
69751,H7932,IC,Natural Gas Internal Combustion Engine,0.400,0.400,0.400,2025,,True,august_generator2026.xlsx,https://www.eia.gov/electricity/data/eia860m/xls/august_generator2026.xlsx,2026-10-08T17:54:58+00:00
69751,H7933,IC,Natural Gas Internal Combustion Engine,0.400,0.400,0.400,2025,,True,august_generator2026.xlsx,https://www.eia.gov/electricity/data/eia860m/xls/august_generator2026.xlsx,2026-10-08T17:54:58+00:00
69752,CHP01,IC,Natural Gas Internal Combustion Engine,0.400,0.400,0.400,2025,,True,august_generator2026.xlsx,https://www.eia.gov/electricity/data/eia860m/xls/august_generator2026.xlsx,2026-10-08T17:54:58+00:00
69752,CHP02,IC,Natural Gas Internal Combustion Engine,0.400,0.400,0.400,2025,,True,august_generator2026.xlsx,https://www.eia.gov/electricity/data/eia860m/xls/august_generator2026.xlsx,2026-10-08T17:54:58+00:00
69752,CHP03,IC,Natural Gas Internal Combustion Engine,0.400,0.400,0.400,2025,,True,august_generator2026.xlsx,https://www.eia.gov/electricity/data/eia860m/xls/august_generator2026.xlsx,2026-10-08T17:54:58+00:00
69752,CHP04,IC,Natural Gas Internal Combustion Engine,0.400,0.400,0.400,2025,,True,august_generator2026.xlsx,https://www.eia.gov/electricity/data/eia860m/xls/august_generator2026.xlsx,2026-10-08T17:54:58+00:00
69752,CHP05,IC,Natural Gas Internal Combustion Engine,0.400,0.400,0.400,2025,,True,august_generator2026.xlsx,https://www.eia.gov/electricity/data/eia860m/xls/august_generator2026.xlsx,2026-10-08T17:54:58+00:00
69752,CHP06,IC,Natural Gas Internal Combustion Engine,0.400,0.400,0.400,2025,,True,august_generator2026.xlsx,https://www.eia.gov/electricity/data/eia860m/xls/august_generator2026.xlsx,2026-10-08T17:54:58+00:00
69752,CHP07,IC,Natural Gas Internal Combustion Engine,0.400,0.400,0.400,2025,,True,august_generator2026.xlsx,https://www.eia.gov/electricity/data/eia860m/xls/august_generator2026.xlsx,2026-10-08T17:54:58+00:00
69752,CHP08,IC,Natural Gas Internal Combustion Engine,0.400,0.400,0.400,2025,,True,august_generator2026.xlsx,https://www.eia.gov/electricity/data/eia860m/xls/august_generator2026.xlsx,2026-10-08T17:54:58+00:00
69752,CHP09,IC,Natural Gas Internal Combustion Engine,0.400,0.400,0.400,2025,,True,august_generator2026.xlsx,https://www.eia.gov/electricity/data/eia860m/xls/august_generator2026.xlsx,2026-10-08T17:54:58+00:00
69752,CHP10,IC,Natural Gas Internal Combustion Engine,0.400,0.400,0.400,2025,,True,august_generator2026.xlsx,https://www.eia.gov/electricity/data/eia860m/xls/august_generator2026.xlsx,2026-10-08T17:54:58+00:00
69752,CHP11,IC,Natural Gas Internal Combustion Engine,0.400,0.400,0.400,2025,,True,august_generator2026.xlsx,https://www.eia.gov/electricity/data/eia860m/xls/august_generator2026.xlsx,2026-10-08T17:54:58+00:00
69752,CHP12,IC,Natural Gas Internal Combustion Engine,0.400,0.400,0.400,2025,,True,august_generator2026.xlsx,https://www.eia.gov/electricity/data/eia860m/xls/august_generator2026.xlsx,2026-10-08T17:54:58+00:00
69752,CHP13,IC,Natural Gas Internal Combustion Engine,0.400,0.400,0.400,2025,,True,august_generator2026.xlsx,https://www.eia.gov/electricity/data/eia860m/xls/august_generator2026.xlsx,2026-10-08T17:54:58+00:00
69752,CHP14,IC,Natural Gas Internal Combustion Engine,0.400,0.400,0.400,2025,,True,august_generator2026.xlsx,https://www.eia.gov/electricity/data/eia860m/xls/august_generator2026.xlsx,2026-10-08T17:54:58+00:00
69752,CHP15,IC,Natural Gas Internal Combustion Engine,0.400,0.400,0.400,2025,,True,august_generator2026.xlsx,https://www.eia.gov/electricity/data/eia860m/xls/august_generator2026.xlsx,2026-10-08T17:54:58+00:00
69752,CHP16,IC,Natural Gas Internal Combustion Engine,0.400,0.400,0.400,2025,,True,august_generator2026.xlsx,https://www.eia.gov/electricity/data/eia860m/xls/august_generator2026.xlsx,2026-10-08T17:54:58+00:00
